-- phpMyAdmin SQL Dump
-- version 5.1.0
-- https://www.phpmyadmin.net/
--
-- Host: 127.0.0.1
-- Generation Time: Mar 21, 2021 at 05:07 PM
-- Server version: 10.4.18-MariaDB
-- PHP Version: 8.0.3

SET SQL_MODE = "NO_AUTO_VALUE_ON_ZERO";
START TRANSACTION;
SET time_zone = "+00:00";


/*!40101 SET @OLD_CHARACTER_SET_CLIENT=@@CHARACTER_SET_CLIENT */;
/*!40101 SET @OLD_CHARACTER_SET_RESULTS=@@CHARACTER_SET_RESULTS */;
/*!40101 SET @OLD_COLLATION_CONNECTION=@@COLLATION_CONNECTION */;
/*!40101 SET NAMES utf8mb4 */;

--
-- Database: `testques`
--

-- --------------------------------------------------------

--
-- Table structure for table `add_db`
--

CREATE TABLE `add_db` (
  `id` int(11) NOT NULL,
  `add_id` int(11) DEFAULT NULL
) ENGINE=InnoDB DEFAULT CHARSET=utf8mb4;

--
-- Dumping data for table `add_db`
--

INSERT INTO `add_db` (`id`, `add_id`) VALUES
(1, 2),
(2, 1),
(3, 1),
(4, 2),
(5, 2),
(6, 1),
(7, 1),
(8, 1),
(9, 2),
(10, 2),
(11, 2),
(12, 2),
(13, 2),
(14, 2),
(15, 2),
(16, 2),
(17, 3),
(18, 2),
(19, 2),
(20, 2),
(21, 3),
(22, 3),
(23, 3),
(24, 4),
(25, 3),
(26, 3),
(27, 4),
(28, 1),
(29, 1),
(30, 2),
(31, 2);

-- --------------------------------------------------------

--
-- Table structure for table `course_details`
--

CREATE TABLE `course_details` (
  `id` int(11) NOT NULL,
  `course_code` varchar(7) NOT NULL,
  `course_title` varchar(50) NOT NULL,
  `course_credit` int(5) NOT NULL,
  `course_type` varchar(9) NOT NULL,
  `department` varchar(100) NOT NULL DEFAULT 'NULL',
  `institution_name` varchar(100) NOT NULL DEFAULT 'NULL',
  `class` varchar(30) NOT NULL,
  `semester` varchar(9) DEFAULT NULL,
  `division` varchar(10) NOT NULL,
  `batch` varchar(10) NOT NULL,
  `academic_year` varchar(9) DEFAULT NULL,
  `image` blob DEFAULT NULL
) ENGINE=InnoDB DEFAULT CHARSET=utf8mb4;

--
-- Dumping data for table `course_details`
--

INSERT INTO `course_details` (`id`, `course_code`, `course_title`, `course_credit`, `course_type`, `department`, `institution_name`, `class`, `semester`, `division`, `batch`, `academic_year`, `image`) VALUES
(1, 'SE354', 'Software Engineering', 2, 'TH', 'Computer Science and Engineering ', 'Sant Gadge Baba Amravati University', 'SE-KE08', 'Sem 8', 'KE', 'S8', '2019-2020', 0xffd8ffe000104a46494600010100000100010000ffdb0084000906071313121513101215151516181e181518181519181815151617192017181816181d28201e1a251e1617223122262a2b2e2e2e1b1f3338332e37282d2e2b010a0a0a0505050e05050e2b1913192b2b2b2b2b2b2b2b2b2b2b2b2b2b2b2b2b2b2b2b2b2b2b2b2b2b2b2b2b2b2b2b2b2b2b2b2b2b2b2b2b2b2b2b2b2b2b2b2b2bffc000110800d800e903012200021101031101ffc4001c0000010501010100000000000000000000000104050607020308ffc4004c100002010204040305030a0402060b0000010203041100051221061331412251610714233271428191152433435262637282a1345392b173a2168393b3d1d32535445455a3b2c1c3f0f1ffc40014010100000000000000000000000000000000ffc40014110100000000000000000000000000000000ffda000c03010002110311003f00dc7060c1803060c1803060c1803060c1803060c18030623730cf69e16092cca243bac63c52301d6d1add8fe1868d9d543ff86a190f934eeb021bfa59a41f7a6027706209a3cc5ec799490798e54939ff00519221ff002e3b395d51eb5ec3f920880fbb5063fdf01358310bf91e7ffe2151fe8a7ffcac72d96d601e0ae04ff1299187de1190ff0071809cc18810d9920dc52547d0c94db7a022517fbf1d1e2129fe26967847760a264faea88b103d481809cc186996e670d42eba795255bd89460d63dc1b743e870ef0060c1830060c183006130b830096c185c180e7060b60b603ac1830600c1830600c26038300b831e73cca8a5dd82aa8258936000ea493d062bdef1515a7e03353d2ff009b6b4f503f840fe893a78c82c77b01b3601f6639fc71c9c98d5a79ec0f2a3b12a0f46918f8635f5622fdaf86cb95d54fbd64fca43fa8a6665b7987a8d9dbfa427df892cbb2e869a3d10c61105d8d85cb1fb4cc7ab31ee4dc9c56b2bf68f4b3c8ab1a4e2277e5c550d115824937f02b9defb585c0b9db0165cb729829d48a789230776d2a0163dcb37563ea49385cc33586181ea25702245d4cc2ec028ea6cb727eec65399665515f4b554158b6a84964f7665f0a549a7625a160a7662bf67bab023a1c434199c6292b561a69a9692b2919a951fc48d3c48e65d0413a4b2806c7ae92701bcc32abaab21055802a474208b823d314b97da1c668ebaa6188b35148d1b46cd6d7a580d5a80360773d3b6197b2fcefc2f46f14b0aa0e7520980576a473d0004ec8c6df4298cea469e1a2927996214f5b4d3428cacdad9c34b342d22900027e2016f3180d3b30f68aa8d97aa43ac56c2d313aec62558c30db4f8afe21dba60e19e3d9a792992aa80d3a55a96a6904c2557b26bb300a0a9d3bef8c8d6378e6569375a312d3c5bec5053554babd0e968bcfa62c7468f4120579a5a89968e2fc98b235c24b5168dd5547ec9d1bf65c069d1f1c5295ad7bb04a170933dae09ee542dc900dc1fa1c4fcb571a94567556936452402e40b90a0ee481e58c369e92486833382a6258597dd11c7303dee46a95dc017d5bb1fbf12f9af1278c55b48914d54ad0e5dcc202d35181792a9aff006e4b02a3bf8479e034ecc320a799b5b47a6502c258c98e5036e92259adb0daf6c3322b69fa115910ea0e98ea140f23b4729f4213ea71474a8aba6c972e6a5a82b53214d31ba094d4bd45c8462c6ea0062c5bb05c5b3857896a2599e8eb6054a98975c8d0b6b8429202124eeacfe22177365b9b6027329ce61a80dca7f121b491b02b244de5246de253f5ebd462431159ae4d15459ee5254b88e68c81247beea1b7badc6e8d706db8c33a5cde481c4398691a8858aa14698a627a2b83fa294fec9241ec7b00b0e0c26170060c1830060c183009830612d80eb060c26017098f0aeac4863796560888a59d8f4551d49c41e59c4334954914b4dc98e5864962d4f796d13c42f2460592fce1617276dedd30163c78d6d5a451b4b2b8444059989b0551d4938f6c55a993f284a266de8e26bc0bf66a655fd7b79c6a7e41d09f1765c0754b47257309aad4a53021a0a66162f6dd66a807bf758fa2f537360a71271bd252b981ea614a82a4a2c84840d6f0f31d41d20fae3c78af8c1e9ea61a3a5a7e7d4cc0b05693951aa0ee5c8373b741ff0085e98b9f0a5cc2a1ab68da2f7c45f7846025d26252bcd8ca8f8d0107c407896d722c700e38578c161779732ab9a4ac95c4268d232443a4dc72e15b922c6fccbee0f7c73c6fc3bc89d58d5494f974f289250812d0560b347212e3c31b32827f780f3da2605a8f7f81a9eba9eb2ade29248de3555448d48fcde40a4fc171f29d8ab03d4138d2787325a9314bf95664a969edaa1d03911003744045d81dae4f90f5b8671c25909cca79a799a6b104c153116488d540e6335012fa75b2889ac7c9862c597fb369dc05adacbc21de51043180a25955848c247b9d3791c85b586ac5db31ce21a6d316ed211f0e0897548ca36b841d146c351b28f3c32b56cd632489468760a9a659c9ed791bc0a7af842b7d701211e510af25996ed02148dc9f12ab280c09ef70a2ff004c46d4e6b95428b0493d12227cb1b3c4156de484edd4e38adc868221ccad2b25b7d7572f3003e604a74afdc061cc79f51454e278590c05b4868232eba81b7ea94f7dafe7b601bb7136556b9a9a40a7b964d26e2dd4edd36c39a7accbaa5d248e4a59a48ff46cad1bb27f2906e3eec7951f1953cb1cd24427610c7cc6bc12a92a412ba7528d44e93b0c5772fe36a0aad51e65153c4742b8e6f8d191edb169634b30badc5ade25209be02d39c70a5354a4a93466d394696cc4173091a2fe9b5ac310d9ff00022cb0d6052b24f5202a34aa34c11a80112300784282c45b724e2428b24a564d597ced08ec69e50d18ff00aa3aa3ff00971efef55b07e9a35aa8fbc908d12a8bedaa062436dd4ab5f6d977c0567367929e57aa961245385a4cae0b8f8d348a01936e9aac17d1558f7c7461968a14a3a66e66635a5a59a63d23bdb9b3b0fd84b8445efb0f3c5d72bcce1a84d7048ae01b1b75461d55d4eeac3b820118ac714f06c92d43d5d3d5cf11687952c5184d5322dcaac7231f86c49ebbf5ed80acd6717439622c14875414cc45448de27acaa20ea850f772c753befa761e98d1a0a88ea6258aa5230f2c2af2d3b3072aae06a045bc4a092b7b76c6219d65a609e9e0e5c5cd8544f3066fcde8615de188b77f110eedf348c00efb4952a56192334ed20a8a96d68efe19aa42f5a89c7ea68d3ecc23e6ba8380d2a29df2f658e662f46c42c52b125e9d8d82c7331f9a33d1643b8d835f638b461824f149aa9a49229640839d1dd49d2c2c4b477242937eb88aca256a49968e662d1bdcd1c8dd6cbb9a776eeeabba9eaca0f752483ae21cce689e9d29d227699d96d23b2292b1b3850caad663a4f63d0ed87593e6a270de168e48db44b1b5b546d6046e362a410430ea08c2e75962d447a198a104346ebf34522fcaeb7ee3f020907638a752e6d2d357ced5916a0b4f0acb3c00b21f1ca52478be64db55eda82f9db017fc18f382757557460cac032b0370ca45c10475071ddb0060c16c16c07584c183014ff6919bc51539462cee1a399a34176e4c532348cdd952ca7762076c4ae47974bcd92aaaf489a40112353a960841be8d5f69893766000d947d9b9ab7865a3929d4eaabcc5a5121b78922e6323bb792471d957d748ef8bfd5542c48d24842a2296627a0551724fdc30107c472b4f22d04448e62eba9606cd1d35eda411b8790dd41f20e7b624ab6b20a68d564963816c123d4ca806d650a0edb6db619709d3372daa66044d5479ae0f58d08f8511fe44b03fbc58f7c5778db242d594f5e69856c11c4d1c90801d93535c4d123785cf623adba602a5c4d9cd4421e1ce169eae15f894f30bc124aa2de382540cbcf171e0f09f22474f3accc2b6a523a058a49662cb2534f50a60a8a50a41323d815900040d6877b904763e5c61534cf1544916631e8548d29f2fe568d3a3ec18490eb25dae1d3491f4c6bbc2904c94b12d4cad2c9a412cca15c03b857b1dd80b02db5c8bd8601c65f9443112f1c31248c3e23a46a85cf7b902fd711759994d51234140caa10e99ea48d4b1b778e25e8f2f993e14daf73b61739a99279bdca9d99001aaaa55eb146df2c487b4afd6ff65413d4ae26e868e386358a14091a00a8aa2c001d8602b55f985165519b92647bbb0beb9e72a05e4763bd80b5d988551e43156e2da27cc215ab0ba1a10f04f4f612345a8fce1f4922d68d8e802e84d9ba62e9c49c1f4f58caf202b229b8750a75102c3988c0ab8009003036b9b5b0fb27ca21a48ed180b65019ba5d56fa47a2aea200ec36c065b4decd6adfc4ea8b28578f99349cc764905d25d6a2e6443a858db6d041d8837fa7e1456a7682a18b069b9e3412ba242c1cd89ea399adba5ac6d6db166c03015acb784921865856690896110ea6b12a1448037ab7c4efe4315de24e0b8a0496644a89c301a638cd9a3903990b875f1e86758c1500dac2db0dae7c395fcf899af72b34d193eb14cebfeca312b80c727e01aa4314eaeca523885d430935c85166e688dc1213e24a482092c37f0e08b8a7324029c3f3a59349891808a708ed7899599b53dd15999590691705ee31af24ca59901dd402de9aaf6dfcf6e9f4c70d4719904a5019154a2b5b755620b007b02545fe83011d99e44b2b09e266a7a900012a804903a24a9d244173b1e9bd88eb84c9f396690d355208aa546ab0378e641b736163b95dc5d4eea4806f704cd623b3cca12a63d2c4a3a9d714ab6d70c801b3a13df7208e84120ec700db3bc82198acaf0ac9245778d4b15492403c1cc0366b1e8581d372463337a0a949a515350f515d51e27a5a23a0ac63e48e6ab3bc50a8e8069277f989c69dc3f9a3c81e1a80ab530d84cabf2b06be89501df438048f22197aae21b89787a55ab8f30a0179c0e54b1960895119f94c8c6f6d077b8049d86033be1ccb6630b66197bac7554d3159a8801146141b4914accd7772003cc73dba0c6b5208731a406390157dd248d95b972a1d99185c16471f436f238cb3305a89abf4cb19cca1889359053a88e08a66f900d4c39ce2dbebbfdd8b2fb2c9e2824aa85a582269a76961a35995de0523c4a429b06fdd1d2d80b8f0ce66d34444c009e16315428d87316de251fb0e0875f4618699cc6f4f502b110c91b4622a9451770aac5a395147cda75382a3721ae375b14cdbf37ac86a47e8e7b53547906249a790fd1b547ff5a3cb12f9c569860966086431a33e806c5f48bd87aed8085e03a889a3a814ecad0ad4c9ca2a6e02b857651e403bb8b76e9db166c657906586a0d515965a491cc933ac6eb7a986a497a6979abbd94975bad8d80076c5ff0085ebb9d474d29eb2411b9fab46a4ff00be025b06382d835603ac56b886beb4542c342212790f21596e3530755501c7cbf313b820dadb75c597156e25af4a5aba6a995ad13c72d3b1172798e6378b4a8dc93ca75b0ee570111ecf66a7827a9a540ed2bd43de631ed33471c66526502c4891a4f0fd9bdb6c5878b7e208293afbc4a0483f81178e5bfa10aa9fd786bc1f9314226910c7a63e553c2cda9e1899b53b4add4cd2b6966f2d2a37dc9730fc4cce4246d4f4caaa7f7aa5d9a41fe9822fc701c7b43cc9e0cbe778bf4ac9cb8b700eb7d85b51ea05cdbd315ee188b30cb696283dd21aa811766a6934cbb9bb131c9e173724dc30bf9626bda0554cb12a45962e60ad7e62b3a2aa69b693a5949626e7a74b7ae32184caafa85f24b35c858aaca7f55fe0eff4c06d792e774f56ec04522cd158b2cd0347247aaf6b1616b6c775270f73fccfdde07942ea61658d2f6e64ae42c680fab1030c3821e46a60d2572575c9d33246a8a40d8af84904820efb795b6c256fc6cc218b6294d19a871fc5949483d2c02ce7eba7cb00f78772af77842336b958979e4dfe24cfbbb6fdbb01d8003b624f0612f805c71228208600822c41e841ea0e23b34cf23a7dea03a47fe695bc63f9996fa3eac00f5c39a6ad49543c4eae87a32b0607e846d80afe4d9d182a8e5d524eab6ba4918fe9e1ee84ff00991f43dc8b1f3c5aaf8a6fb4ce1b6ada5bc074d4c079b4ee3621d7aa83fbc3fbd8f6c34f65fc7ab9842525b25545b4a9d355b6e628f2bf51d8fdd80ebd94e601ce6318bfc3af98807ca4727fdc362d1c4f9ec7454d2d4cc7c31adc0b8bbb7d9417ee4d8632af63b5da737cda124dde47900ff873b827ff009831eb9f667f9633b828233aa968d8cb35ba48f1daff00501884fea6c0693c1b4d2ad2abd47e9e62669bd1e4df40f445d283d1462731c4920504b1000dc926c00f324e2ab1f187bdc8d0e54ab3e83696a18914d15fc88de57efa56c3f78602db84c795346caa033976eec40173e80741e98f5c057f8aa168f45744a4c94e0f31475969988e72587522c1d7d52ddce26d245910329d48eb704742ac3620fa838f423101c21f0d66a43ffb348523dadf01c6b840f4556d1fd180cd8349466ba01055218d5e2cbe18a390d398dd7699e402cd21362cee76c37a75a4a7fc9b14935386a3024963a643354c95363a90f285825cdc93d6df7e340e38cba9d9e379e92aab0b0d2b0c458c4349bddd35aa0275756f2c453d2d7494f253d26534b4713a943cd985cab0b1f87021dffab0171cd2916ae95e3b9512c7e13d0a122e8de841b1fa8c270ee626a296295c00ec9690037d32af8645fb9830c407b21ab6932b856416787540c3cb94c5403f701892e1b5e5cd5b06d659b9a83c96a5439dbfe2737fbe02ab9be651e5d2c894e629890563a7242d442d39b8580b7cf0b3693cbdb4d8d8902c26b82b3ea6e5d35140eeef1c005f94ea2d0aa2bea622c18315057a826d86bc7b45a668a6d4b1ab8086461e08e78a459299a423a212258c9fe20c34e12a565ad88b683218aae59c46fcc484555544f126b1d4f85fcafa58e0343c16c030980f62318bcb91aa232414e499856d2c3cb53a62a8f7a021660bb2111adf5dba467d31b0e61af952728859349d05975286b78495b8b8bf6b8c63a93d654299d6a04626f75e6a47ae149dab469d4e03164280a5ca378c29e980d03d9ed0c71c333c281565a89596df6951b96ad7ef711defea70ef86f79ab9fcea428fa470443fdf5639e02919a8202fcbe87472d3968230c446152e6de103b9c2f09b122aae2df9dcdf80200ff6c04771d65598cba1b2fad10051e38caa8e61bf5e710c54db6e87142992a12a90668d99c34a233ad8543caad3ea16f894ea088ed7ea074c5878e72f97f29c33d4524f5946917c38e1f172aa435f5b47717b8b007ff0c56eaf87e56a796a2b68ea66cceb0bb5372c31f730bfa2064042c6016bfa8fa1c06bdc3904094d10a56d50e9d51b162c595b7d5a9b737bf7c34e1cf1cd5b29ea67e50fe58634007fa99cfde70f387609929604a93aa658904a41bde40a351bf7df0cf8416d1cf7ebef751ff7ef6fed6c04e6109c2e3899c282c7a0dcff00fc1804750458f438a0e7decf06b69f2b9de86726e7977e5487f7a2e9f78fc0e27331e33a788db4d439fe1d2cedd3d425b159cc3daa05fd165b5efe5784a03f8dcff6c0404fed1b33cb5c459bd20914ecb347e1d42dd41f958fa784e2578738023aaaa6cd4f3a9566f1c70a3f2dc871e292465dd75dc9d23cee4ef61059a7b44a8add1493e58d0c13c888ef26b6b2348a09174500db6bfae372416e980ac47c0140a4b47098ddaf7923924490dcdcde456d46e7737c5326ca070dad455d342d5514a145d9acf03026c1cdacd192df30170428b1bdc6b988de25a44969278e5dd1a270d7f2d270193e45916639e959f3591a1a2bea8e04ba7345f636eba7a789ae7cadd71b0e5d431c11ac5022c71a0b2aa8b00318c651c61c4b32298a8236520599e264b8b0b1bb482f7eb8b6d054f11bd8bc397c63bea6909b77d909c068783107450e61b73a6a51e612090ffccd28ff006c4e600c403304cd00ff003e949fa9a6956db79daa4fe189fc41e66a3dfa8dbbe89d7ee2b193fdd4601e677533c716aa5816792e068694442c7ab172a7a795b141e2baacedd547bb72a037e77ba4c25a92b6e885c281f70271a76108c0547d9cd6d1340d1502491f29be324aacb2ac8e2e4c9af72c6dd7d30f400b99b7f16941ff00b1948fff00362c1a7bf7c57abbff005ad37ad2547f69a9300dbda1d316a747e6488b1cc864d0e57544e743eaec546b0f6371e0df6c669f92a20a6245bb4281ab12e542cf1d644a5da3161aa489a4b1b58a8db638d7b8a2a638e92669e36922d3a6455b5ca3f84fcc40efe78ce4e6550cc904a8d2c0274818f23975734b1219129e5bbe82a0202d283a4d8d8006f80d6860b623f8773335302cdca688393a558a925412037876b1b5c7a5b1256c071575088a5a57544e84b3051bfa9c64f0d453c0d142abccab821e5c12f35052bc48b20a7a895ef6d489ccdb761e3b0237c69dc4546b352cf13aea5789c11e7753fdf145391b48606869d658ab3dd2a1e4509a22969c8692471df991900581b9bdfae02e3c27c91490a524ab3431a0895d5832b72c693623aee31e5c34ff0016b92df2d4dfee78216bfe24e0e071f9a06ecf2cce37bdc3cf2106ff004384a3629995421f966822913d5a369125fc0187f1c04fdb1c1917569d43511702e2e40ea6de5b8c553da1669510c71ac1353d324a4ac9533381c916db9719b6b73bdb7dadeb71967b3fce5d2b281a499a55d73d36b31482e2525918d43b10e5d9010a3a6f80fa07105c32d67ac8cf54aa63fd32a46e3fface1f6455d2cd16b9a9de9d892396ecacda41d892bb6fe588e0dcaccec6fa6aa016db612d331b8bfed324c3ee88f96027f05b1d60c072463892c0127603a9f4c79d7d6a4285e53651e84927b2aa8dd98f603738a4e6d92d6e684a4ecd4543de2523de2a07f108f0c6a76f0ee6dd7d02abed17da1fbceacb72988d4bc834bc8a35003ca3b7523f6fa0f5ea340e16e2367094d5e161ad08acf19616901fd64641b30b83703706fe84bfc87872968a3e5d242b1afda20789addddcee4fd719070fe5633cce6a2b2650f47036840775934dc46be441ddcfd479e0377d58a271d66f255c73e5f959496a0a1139d602c31b6c46a1fac6e8076dc9b6d7a42e5ec388fdc64791e918171034aed1e930936d05ac5435f63b639e28c89f21cc23cca8d49a476d3346a3f461cf893d14d815f2200f2b83fc83da655d094a6cf695e302cab3aa790db501e16faa1fbb1ade5999435118969e559236e8c8411b751b77f4c73198aa625601658a450c2e032b2b0b8363b7438ae7fd00822939d97c9251487e61158c4fe8f037848fa58fae02e1830c72c33e9d35223d400f1c64e97f33a1b743e976fae1f600c4056396cca9d0744a79a46f42cf0a27e2399f8627f15fc90732aeaea3eca95a64df6f83a9a423fae52a7f930160c643c6b9ad6ae6352f473c891c294d1ce123e769498c85e511f9a0b7417c687c6396cd53492434f2f2a46b58dd94300c0b2165f128600adc6e2f8c169a4a68bdf267a7a2263988e4a56490ce8b1d90f218282eac6e7ccf96035af66b98cf2bd5069a6a8a5529eef3cf1e87762a79a07845d01b58dbbe26671ab358f7fd1d1c9f4f8b3c3ff9470d3d9e51324523345570ea6168ea6a39f601410636b9b29d56df7db0fb2b4d75d5926f6458a01e5755691bfef97f0c03ee20a1e7d2cf08d8c913a0fab2903fbe29f91d2a49a2bdea15605fce2489859a1ac583932eb7d5b055d60a9170c4ef8b171b444d2359dd0abc6d747646b099350d4a41b15b8fbf19e4bc274d3d708a52d2cc2a9f9ba88e60a38610535102ff003bc5f13e63aad7c068bc19191434fa94a78010a458aab125011d88522e31336c57bd9ed3aad0c4cb72650656258b6ee49001637d20580f418b1eac073521f4372ca87b784b0257576b8041b7df8c969573308b1475091c52a4f272a35d3a6481d44d488cda991492fa5c13600d94580c6bf8a167d045109a1ac32c50991aa20a9883131192e6546650741f13f5d995fd0e01ef02554a4989de2e52d353c9024519458925e6d9412c4b002351a8daf63b0c487110e54f4953d95cd3b9f28ea74807fed6387f138aae55c4c82b4bd340c699e2a4815c908a91192758e50a772acd26951b6c84f4b5ef99de5c2a29e5818902442ba87552478587a83623e98063c6719f7495d1602f1a97469d7547190379080ac6e1751d86fd318f56d056540ffd1ab5b571e9591a5a83ca4f7a8a40e92c092762032e95005986fb6369e1bcc5a7a7479005945d265fd99a33a645fa6a06de84624f01e5472332233ae862a0b29b1d2c46eb71b6c76c4671550bc9087805e78184d00e9a9d01052fd83a33a7f561ecd99c4b3240ce04b22b346a7ab2a5b511db6b8c3cc035cb2bd278a39a2374914329b58d88ee3b1ec47638758ac27e635041b0a4a97b83d053d539dc1ec23949b83d9ee3ed8b59f01c941706c2e3a1ee2fd6d85c2e0c055bda3e6124546d1d3ef5152c29e003aeb96e0b7f4aea6bfa61ef07f0e4741491d3476f00f1b5adae43f3b1fa9fed6c3a972dd752b3bee2242b10f2692dcc723cecaaa3c817fdac4960336cf2834711d04a07e929e4527ccc61bffb38c5febe85268de29943a3a95653d083d462233da00d5b4135b78de54bf9092063f87c3c5870146e06a6932f95b2d998b45bc94321fb51def242de4e84dfd41b81b102f186d5f42b2a80db1560e8c3aa3af461f891ea091df0eb009830b846206e7efc04767f997bbc0cea3539b2449fb72b9b46bf7922fe42e7b61720cb7dde9e386fa99478dad6d7231bc8e40eece59befc45657f9ed40ab3fe1e2b8a416fd2336cf53bf6b5d52df64b1df50b4ee652ba4523429cc91518a25edadc03a56fdae76c04771867428e8e7a83d510e81fb5236c8a3d4b118c5728b52d35348f2cf12b11a260b1d7534933124fc070b2c6c486d97b83b9c739f713d656e80f34522d318e69e334cd1a433b3e9e5caace5d923bb166b0b587dd31ecf724a7a9a904455023865075472acd453494b7e56991943855121d2bb83e7b6035fcae67f7747a87466d1a9dd54a2916bdc2b12576ec711fc1484d2899afaaa5dea0dc5885998b46a479ac7cb5fe9c271839748e912faaadb966dd5610354efb74f00d20fed3ae2791000001600580f2030152f6812ceeab494da0b4d14ceeac0dd92209f2303e16d4e9624118aad371ab5416548628e69630a6ae3d723cb18241686058b5b3212c0ab1d28c7a9b6f3dc4d9d471d4bca8eace949510c64303a2a57448d1117da46555603b84388ca39d56175a56de4863a0a100dcc8c8ac6698772aacec4b7f0cf9e02e9c295303d2c5ee7ab928bcb8f52321b47e1e8e013d3af7c4bdf1e54348914691460048d42281d02a8b01f80c7be01719f677c2d4e6aa48645b2d746fca9353068ea157c7187d57d2ea7584e9f0dfcf1a0623788a081e073537e5a78cb2ead485770e853c41876237c06774dcb482a92e20f79a592671ffbbd651d96a2c7a583346c06dd09ef8d3a827d71a31d89552c3f64b28247f7c63f5f942cd574f5114b50e93a950d5316982673cb685256451a96411e927624ac7f35ac6cdc12e69cc258b7e75f0aab57cd1e65103acb5bfcc018797823b6cd809f9ff34ace67482ac8493b08ea945a37fa48b6427cd23f3c4de61582289e52aec114b15452cec00e8aa3a9f4c739950473c4f0caba91c6961d363dc1ec47507b1c4570ee612066a4aa379e1170e76f7886f65985bbf671d9bd08b863272873328a7d69582432c285c4b509233336aaa909114119b92625059bbded8d9b8338956b612597973c47454444ef1c83afd50f507b8c543da0f05c8dcb197532e8d138748d963659a70ba67f16cd60194ef7018dbae29f1e5f574356a28e231d50d28a35b489540a299238e02068a6472c798cdb6c05fa00dda78a29e36470b246e0a38d995874653fdc62060ae7a1610d5316a63b4352c4931f61154b1efd02ca766e8d6362cf78332f682869e29174c8b18e602413cd6de4248d892c49c4c4918605580208b1045c107a823cb01d60c5757299e97fc032b4207f85918855dff512ee63007d820af4b69c3aa3e24859c452eaa798f48a60119bcf41be97faa138098c1881973d99a5962a6a432f25823bb4ab1aea6457b2dc126c1c76c74737aa5de4cbdc8fe14d139fc1ca60265e3048240254dd6e3a1b1171eb6247de71de201b8c291769a4303dec126468dd8f922b0f19fe4be05cdaaa6ff0b49a50feb2a5cc5b79ac2aace7e8da3013f83104b47981b96aba61e4168df6fab3546ff80c32ca78b0bc61396d355a168e68e25215258d8ab16773a514db500493622c0e02d12c814166202817249b00075249ed8ac163996c2eb41dc9b86adf403b53f99eafdbc3bb394c964a821f3164600865a78efc942371cc66b19981dee42af4f0dc5f160c073b28d86c07403b0ec0633d1ed6698728c94f3224a7c2faa260a81f4bbcaaae5a30b717d43125c73c7b1512b4712f3ea4296e58f96241d649987c882e3d4f41e78caf2f4d73ad519a68a6285eae614cceeb5325ad04f4e3e5a5d36b1b10de60db01b2e67c294556a24e5a07275a4f09d1206603c6b2a6e6e2de60e1e70fe5cf4d008e69f9da49b39458ce8fb2182ec481d5b6bf5b0c57bd9d64d2449cd37811d4fe6d1b6aa62c4a91510861ae20c2ff000cdad7e9890cf253572fb8c47e18b356b83f2c6775801fdb93bf925ff69701d70d03512c95edf2b8e552fa5306b9907fc5601bf9563c4c6715e2082599b711a33dbcf48bdbefe98731a0501540000b0036000e800f2c67bed2aa259e3a98e198c51d2c45e56047c59dc0e5d391dc682491d6ef1db010f9c646a159641a8ad386ac503fc656d4ca5e9e2b9dec25690f5e8ca3a1389ce11a57a49e2a54a1a5127297de248e66678a31b21766885f5306b203d98f6c57329e210d5924953105aad6863865a98628566e422f34ea3cc0e54f4d2da4123adf1a670de58d0a334ae249e66e64ce0594b1000541d9154055b926c2e7727013183098300b84c2e13014fcd328e4f3a3e434d455176923881e653cc4dda48d1772ac6cde1f12b8b8beada859ae712c6d240b248cd254534bef3253bc3ca01820322b8b194f2d46ab05363d0ed8d6f887281550b42d24b106fb513e96fa1f35f307638a04593c50bf2961a6a6ad40c34e911d36654ed6d4b6dfad85c789a36b7cca7c4172e1acc9c97a5a93f9c416d4dfe7446e239c7f369371d9811e57759ee55cf5568df973c44b432dafa188dc32dc6a46e8cbdc791008cbd3881a19d228e3733d33308e390d9d69ea2301607905c3289f92030bdd749ec71a270e667231929ea8afbcc36d7a459648defcb9501dc29b104762a4601d6479c73b5453288aa62b7362bded7e9221fb51358d9ade60d88231d659914304b34c819a599aeeeec59add9149e88bd9461338c9d27d2d731cd1dcc5325b5c64f51bf54361753b1b61a65f9dbac8b4f5cab1ccdb46eb7e4d491fe593f2bdb7319371bd8b017c077c65c4b1505334d296b9f0461175b34854916524036009dc81b628fc2fed4e40aa33185d909754a8893e6315b9a5e052480ba802e8596f8bc71870dc75f4cd4f2d9431043690cc84775bf46b5c5fd719a718f0755d3d2bcd011a95c44b1445fc346a6d1448ca3512cf6793a5c9eb61b86bb9566d054a0929a54950fda460c3e86dd0fa1c7ad7d3c5246cb3a23c641d4aea1948b6f7076e98c9fd99708a7bc998def48396f22b30e7d631d53dd81f1c51f85003d4824e340e3494fbb8814d9ea9d69d6c6c4092fcc23d563591beec031e0d920a5cbd66919208a67699751d0aab3b930af8ba780c6a07a626738e23a4a52ab55531425fe50ee149f5b1edebd314af6d19046d97bcf77bd32272535911a7c4505b40d8b69f0dcf6c30f68ae90d49a8e72235551984acb4ef2a3006e044c9fac3abe43d7ae02f1c57a48a37d885ab8483d478f52820ff005e3d38838ba968d952a1db5b297d291bc8c235eaec114d94799c562869e58b24a11302b246f4a486bdd47bc476041e842902ddb0cbda6e5eed5b1cacb56b09a596232d1a334acecc088a4d20fc3b0b8dbaf7c05ab35e3ca38397e2925e645cf1c98da5b53ff9ada7e54f538e72cae45ab57898353e6082589874e7c68350dfbbc5a481fc27c55e75a9195d35255e5d50c8f06993dd1c2bc6ebb471bc608b2b2d893722fb1189ecaf25aa6ca608a6d29590a2bc76034c72c46f102136b58056b6c416c05873dcfa9a8d399553244a6fa751dd8817b28eac7d06329e2af6a334a0ad329a486ec398e47bccfcb915258e14b111ca355ecfbf4e98b8f13500cd32f4961811e564200721248d64004f1a39042c9e1b6e08bae20781b81ea12715157102a64662950eaf347cbd3eef32b460a89348d2c0100800f6b602a743911025758d8453d9a96a57554a4ad278658ead954388e4b2ea0e3c2d720ed8d3784f82a188c5572473c7576f1eba9694a8d3a7945c1b3c62c0807c877c5972bca21a7e672174896432b8d44aeb6f98aa9365bdaf61617b9c4554e6f254b18b2e22c0e996a88d51c763e25887eb65edfb2a7a9246921ed9de6efafdd68ecd52c2ecc45d29a33fad97d7ae94eac4760090fb26cb129a211c773b96666dda4918dde473dd98dc9c2e4f94454c9a220773a9dd8dde573d5e463bb31b0dfe83a61a713710c7471ea6569246be8892dadc28bbb004ecaaa0924edf791806dc4b9ccd1bc50d1c692ccc1a464624010463c5e21d19999156fe67cb19cd0f1009258a255bc9ae7abd329289cc966fcde6958dbc11c4e7c3d75051d56e2cb559c687ad951904f2cb0d3c0cff002a4460122c86f6ba80d3c96efa48be21a3c96055152048aadf0a8e3558f9d59239d4f337311ac6461aafb6945b9b0d804be5996c554829e03cea6b97ada916fcf2573768d1fba9624b153600041ded7da3a64891638902220d2aaa2caa074000ed88ce18a2a88a00b5730964ebb280107640c00d56e9aac2f6e83a625c9c07a5f0638070b7c07583060c021c40f18e5f3cd068a7581b7bbacc81b52f7085aeaadeacac313f83019243c394f635112bbaa9095312c31c753452c77649a348947c452e6e2c75a90412000656873be6cb47207492749a4a795e2dd66a7301939aa01d94e985adbe9248be2db9d64f0b935044a92a27e9202cb2b22dc84b2fce3ad9483b936eb8cef2aa1a692696afdcde785ac25662ad594f2adfc6638acea0a91a97e61606c77c05d385b8af9e90fbd45eed2cea1e204de3995d030e5c961770a7743b8b1ea37c58ab68a3991a39915d1b6656170714231c094cb1accb51963e9895b582f42e0da265941be956b0b9f12100dc8e9ce5d9dd555365e69eaa3d669649245eb1d4488d002b269dd2eaccc2db827a117180b27bad552fe809aa83fca76b4f18b7eae66369074f0bd8fef9e987b95e7b04ec5118acaa3c7138292a7a98db7b7a8b83d8e1ad3f14c4164f7b1eed242034c8e6e1558d848ae3668c9fb5dbb8076c3dcc72ca7aa45e74692afcc8dd4adc6cd1b8dd4fa83807b142a82c8a14124d80005c9b93b772714be29e24829f32a65a96755489cc6044ce1e7959556c541f12a2bedfc4c4c0ca6a62ff000d565941fd1d4a9976b745994ab8fab6bc79cd98cfa745665e5d4fcdc964a84b7aa3847fbb49c0772712923c3415ae3fe0aa83f748ea7fb63c5b8d2243f1e96b611fb4f4aeca3ead1eab7df8873365b17e8aaa5cb8f6525e08c7fd4cebcbfc0624687329cef0e65435087e5d4a15bef78a52a7b745180e78ab3ba7a9cb2a25a59e3942287ba303a4a3ab78875076ef897cdf89e081c43e396722eb042bae5b766206c8bfbcc40f5c5733dcafde751a9a3a79432946929aab44e01eaa4b840c87c8b76e870b4756204d313d2e5b08b1779e48e59e56df516224d21ba78d99c9b9db0138b9857b02c69a9e9d00bde6a82cc05bed2469a57fd6710fff00486b65b8a234f527b18e193937dfad434a16d71f6751f4c113e5ae43bcb2662e082a4abd4a86ec51225e52fd401f5c4d8cd2a9ec29e88a0bdb55448b100b6eaa918763f4217009c1f95d4411cbef4d16b96569b4421824664b17552c6e6eda9af61bb1c39cc73f8a26e52ea9a6b5f9310d725bb1617b22fef31030dff234f2ff008baa623fcb801812dd816d4646ff005007cb1dd4d4d1e5d0f44852e74a22f8a46ea74a2f89dcf5dae700dce553d51bd7308e1ed4d131f17fc79b62fb5bc0a02f504b8c4f22246802854441b016555503f0000c424dc4eac235a58ccf34b12cab1df4848dc5d5e67dc229bdbb9363606c6d5086b6696aaaa9b3298353d3daa2a2cb68d95a34d14e05aed106d6c6fbb5941ea4602cb4bc5fcca90891134cd0c9245517da6784a6a08b6dd34becfdec6db6e6172969274022d26aab2159aaa761a969a9a604c50a0db510a4aaaec3c2ce77d9a42a689e722b6b656a38628db446ac11d637d259a794fcac422f852da771a8df152e1cca033ba4354d1452b7c3a1a93346ed14615636d6489194a8be8dc00c01f2c019de474bae33173ea1290835555cc89f4f25196388738886ea58b1b2f848b756c5ef8568e09156b10cf2bba90b254022454bee15080114e907c2006b03bed832fe16fd1fbd3a48b15b93047108a9a22bf2911dd8b30ec58d875001c594e0100c16c1851804d384d3ff00edf1d612d805c185c18030985c1804c4566b904533896ef14c0584b1368934fecb1b10ebfbac08c4b60c065bc67c3549cc44ac9659ea260c22091c10bb91d1a4982a8214907496dfc8e255520611c79bc11d2d580024f19d08ef6b5e0a95b1563fb0d63fcc37c5d6b69125431cb1ac88c2ccac032907b107105370f4a88529aa98476b72a78c54a01e4ba995ede8588c051f8b92aaa629208a292a67a5954254c68835c4e15da390165bb5b45f48d2c429163b0b150321b9cb1cd3d428d72514da951ae7c40c4dbc649b81247e1bee4362bbc21453475123a54454934bb2d1c94bc949821f98a8206af1758cb5ae2e5b6189de329e67a62d351c914d091224b1491b2a1523584998ab2ea5d4b72b6df70701e7c2b5f573b543c151baccc5a9aa50b72d5f7545911af1e96d68767178f6b624aaf8d792d1c53d2c82a1dc2189195aea41f89133691225c05ec41650402402c785f2fcaea94cf97cf2891b7774a8904c0b6e79aacc6e6e49b3022f88fe24cbab2b3994b184926a4962921aa6610b2311ab4b22a9d474dbc4a02b5fa02b80ba51712534ac2312e991ba4722b4521b5af6490027af6c3afc9f4d2dd8c50c9b904e846dc1b117b75046202b2a656874667401d2de3681b9ea08fb410aac83cfc2188fbaf8ace4949434ced18e74b1ca0d453cd4ed50ef246cdf1048603bb23151ac8b90ca0eea7017f1c31457ff00074de7fa08faff00a70f29f2c823fd1c3127f2c6a3fd862a743586e465d58f3322ea7a4a9d5aca7eebb812a1bec19b52f6b770e3f2e3569b53c8f053c71ac951205f8d76171020b1d2c0025dac48d80dcdc05a2aeb23886a964441e6ec147e24e2069f8ce09c0140ad54e6fb2785502b15d52c8f608a4836ea580b804621e6929e18659e9f2b96429133f3a6450efa149176a86e6b74bee31efc3cb272f9140500537aaac74d5cda96b197971a901dee4dd890aa6c006b10019e739c66295d4b02bc424a8496d1202f1421747c5964601a4b5dc80020245bbdf1de62218a3a88a8924acaf6431c92801e40cc3f5b31b225b55f97716e8063d73ce1ea5a766adaaaea91394312c81d03b06e91c5184b5c9e800bdff1c39e18aba88e8e1862a09048a963ccd30461bf79ae589f365537373df0111c366a134512c4f4b513079ea2691519b9719440b0e862acc15e3405b6502f63d30df8bb27a28e29e2a5a3f7dad6525d88e749196eb34ae7a116b85162481616170df38a6aa8b320d5b2c13fbca88a045a89a9551b76e49e5ea3a5ad70c54ea237d3b0c5be8726aa3188ad050c3f6a3a525ddafe5332a04bef72109df623ae020723964a958e5f779eade3da333bc50d345226c49891ddc480f765661bf4c5aa8387aee27ad7151383a93622283c84311240201f9cf88efd06c2472bca61a70c208c2ea3773b9676b5b53b9dd8d875270f7009830b83009830b84c0182d8306017060c1803060c1803060c1803096c2e0c035afa08a6431cf1a4887aaba865fc185b157e21e038658825347146da9492eacc3960f8963f17c3246da97702f6f3c5c706029d3e5e742c75194c528886984c0d132aa8161a44ba1a3dbb0bfd7151a3688e64c91cd1e58d0f85f5542bcf52cc0158cac84af2d6f7fb5bf4237b6c18f39a057055d4303d410083f507015e67ad89353cf47228df5b2bc3e1ed7b3badfd76c5578672aaa9aa6a2b69ea208a27f02114ef2452126f3491832a9b12a9e3e8c4136ee6e91f08d02b6b4a2a65706e184280827a91b75c50f31e02d53a53470178e25052698b488755f5b486e35693602050aa6f726d618093cd789451bf8eb5ab6a98158a92144019cf4251033af4eacde7d7101c3b499850c523d443228a86d732ea2554b0b12b3444bc0fb93ba951602eb6be348e1de17a7a304c280c8dfa49485d6f6f3d2000be4aa001e589923019c52e6948f1fc7ccaaa18d8749a788248a46e12a0290e2c7ecb93f4c4770d55450fe6715654cd0a02d0b523a4c9c9d7b075446911c16b1b120ec6e2f6174cfb83609c3940b148ff0033040c927a4d09f0c83d766f2618384b21921bb552c66552522604c8c9010be0e6b2872a5949b1bdb61736be0234d153caacb0e5b2d4b4834bc9541d015f2696a2f25aff00b0a77c38e18e149a38797555330b31d0b1d54ac1623f2a19182b1d3d2e34ec077c5bc0c2e01865b934105f9312a963766b5dddbcde437663ea49c3fc1830060c1830060c1830060c184c02e12f830980eb060c1803060c1803060c1803060c1803060c1803060c1803060c1803060c1803060c1804c185c1803060c1803060c180309830600c18306013060c180fffd9);
INSERT INTO `course_details` (`id`, `course_code`, `course_title`, `course_credit`, `course_type`, `department`, `institution_name`, `class`, `semester`, `division`, `batch`, `academic_year`, `image`) VALUES
(2, 'NS0358', 'Network Security ', 1, 'TH', 'Computer Science and Engineering ', 'Rashtrasant Tukadoji Maharaj Nagpur University', 'KE-NS3E4', 'B.E.Sem 8', 'KE', 'K4', '2021-2022', 0xffd8ffe000104a46494600010200006400640000ffec00114475636b7900010004000000640000ffee000e41646f62650064c000000001ffdb008400010101010101010101010101010101010101010101010101010101010101010101010101010101010101010202020202020202020202030303030303030303030101010101010102010102020201020203030303030303030303030303030303030303030303030303030303030303030303030303030303030303030303030303ffc000110800c800c803011100021101031101ffc4008c00000202010501010000000000000000000009080a070203040506010b010100000000000000000000000000000000100000070100010303020303050b0a0700010203040506070809001112211314150a3122164123175171813237f061d172b324257718b81991a1b1527335b6b7781ae16233834427a7110100000000000000000000000000000000ffda000c03010002110311003f00bfc7a03d01e80f407a03d01e80f407a03d01e80f407a03d01e80f407a03d01e80f407a03d01e80f407a03d01e80f407a03d01e83498e528fb0ff009ffb3fe1f41c570ba800423727c9554c254cc62fcd228943e4632c00a26209817f8880fbfd7e803fc043096c5d1989f3cd3cf7fdf75fa0e354c488e04d64bf5b6bb598958cd5315954d8ab3c760f64dc7b7f2826ddb1d437d0009fc0c60aeff497eed1f1b392c92d5bc2c9b175edc9ca2cc6b51592e6b3352a8cd49a934e2297883def53256646440c8345174dc42d7e51aaa0242a4ba87fbc9a610e92f3bde7a3a7d772e789fc34ce56eacb0223096cdcab3a44c423964a8c6aa8b9796491738352d39351a3f05556c1244f8a0b22b94a09028260f48794fde53b32363fd30dc83cbe65a67da29151c73558659a376ff64ebb3af99179d2516760901bed2e32a551e0aa4545312a6289843a77989fef3c4515134fb6f97cef4cf3f1d0402a5c9c43396c56cd8e124c9ca9ca42dcacd55cea27f070991c7dd48e3f104c53f70ec579bfde4387c6433c9475c8bd36b252ebbc9562a179ca224538d6cd19fbb6985113f32c41a19daa2606e9472e32aa38154bf78a4fb652875923e76fcf272e7da57b2bc354ad9ebf1e66813f6dc6ab7a347b46e8bc733ce1272556b92bbb55137231ecbe2662697059b26d88e963824e93010973ce9fbb3bc6aead2c153db95daf93ae863211efd86ad9e2d62a8c3492b3a11a9fdcbc666dae0e5a202d1d91672e26216259b52a7f139c0c07308588b15e8ec4ba22a2d343c2361ceb63cfa51151d46dc6836b86b3409ca0bae555a3b7f0a75d18972ccc62262471fdf081400c42987e470cdad5750e97bb80295403087b940840397e8253810ae1d0100407e9fde1bdc03dfe9efec01cb2980c1ee1fe5f6f41f7d01e80f407a03d01e80f407a03d01e80f41c272b19238fdb5045433738a680940e9fccaaa442a872a69fe40144cb0018df2f810a1ee21f411f411bba3bacb9f7927309bdaba4f5da6e4597c2ac11cbdb2d5260ddaaf3475952a70908d1ab3753d669859501491671b1cf5cabf101294c6fb9f00a92ea9e7bbc8b7936d0ed5cf9e0d395ec07a83591fd265faf354ac46374e323135bedab38d54bb9d964f9391b9c4166bfd4269d9d5c3f99a4615c18122064ec47f6b8b9d8adf1dbcf979ec9d97b13595862a526a8b5eb55de2a9884a8aeaad29563e933ebb9bc3dad1521222d3f4346aa982ea2a0dcc40102260f5b9a306f16bc7bafff00d95f99f38e68c7ba16b19db1d2e668b558cae1f795734792a68b6d70b158e69ed9b4fb330692c541333b72f5f2a758e80195048ca7b0444279c4ac1ba59fe4f37c9fad57f178cee743c7558fa52d17fcd98c7d5faadc25226adc3c966d16edfdf23b3fb9346f1eb339e5154d12b69172228945b1925030a6d9e5cbad72fe9fd913ade67cf6f398b02f20dcb5c0f7bae585c68bfe38db17e8faec0cbff89f5bbd252a9e595c5ea8e6cccd0fd0968572814a92df71da2064d4f40c37a5baeb5cc27bd38179fe058c14ae43d1b4eed09cd4d37d5e7d236db0cf6059047e81456f4d95fd699465623a41e15efe518d1720772dd0480a74c8a1153863be46f22ba7e9be1c9bf91cdbaa5486376678d748ed6bd66b8edc57e82f6af9add35b2e74d8ee41d5b65214f64a2d223cce448e5d882ce15101fb8645afa08bf52f3df1b0b8671b5db63e4ad0a2f7beb4dc749c20f8762f66a7df6773e7992ea35ac5262db2af9e211e9cac1afa5dfe2a2888944ff15e48c2998ff0318427a75ee11e283a2b4ba3f39762d0b93ad9b4eaf0771739853efb1b5886ddecf1c93e55b5a9d66561692517a7c5bb897c9b8501c42bd49c81daaea3550a46ae3e208b772fdaeaf31db9cff43f88fedcd7b8f7688d194998bcfed56db6cbd1dfc91166e61844b47afba1d0202ba72a0aa29a564697315c3e04704398ea1fd0785ccbcfe790ef1a97dabf3d79c9e49baa35470f118389ec9caab6cdd319a6662a2467637c15364e726d3be091056942d75dc6ccb603aa278a15ca9b7542d99cd9d5d8475ee6103ae7326b749d8b399604052b754261bc9108e9444a230962813a0cac951b22073815e47cb32897ccd4f605104cc229004914570309c016158a5554201853fb620243094e411f62954f828020062800087b07d4404443980203fc3d01e80f407a03d01e80f407a03d0701dbd23551029c7e1f704440ca0fc10394a620284fba09aa20e0a437ba64fe5fba6fa00ff1100423e60fce9e19e35daa391d361d6e8ded2ba3060cb37e78a78c8aa31ceedef9581809dd3e5635b2cac1b533d3fc1942478af60b0ac3f612418a3ef2acc144f33f833ebef25dad55bba3cf1eab747289d72c9e7dc410530bd4636bd586ee4a9b2afdae2e04d07138e519d459104d6878774e6ccf125c879b984e5957287a077bbd77373af8f7c5f56c4f9771786d1efbc6f8c66db258b92f2a835b297b48e68bd492f192db15601e67ca55aef56cfe1d92f273a9422720f92f87fd26566738aeb0244f26de47778c7bb539dad2ea6350ddfc7e4ee93cade4db07bc61f130ac98c3f24653599ca974d50a419d7c2af33ac3482b4dd21af83fa9bb7829c319aa47fc463f79c281d2766b5d0f6df2a35dec4f18758acf436ae1c15cfdda58e6c6a69b135ea9daa978adcba1b20dd70fa6d691aac9c96a4bf40e6971aed5646bce9cb3750f3f28ddc3f751aa248b34c243effe383bbfa6362eb56997e479fe67cfde43ad1e38fac86edab6868e6b7be5dd9b0f8e827baf3589cc6b558b95c6dbafba73526a2f177ade1999cb3c0672b29209bb540257f407853d4b4beb1d2748a3743d433ee59e85e9be5aec4dcf3e3e7f6f2ec917abf2b42b58f8e679568d1fa142d4eb113a68b378f64163c583f8d5ce89513110fb299033151fc4e5fa07b2aedd497ced3b4e955f6163ec3d2f9a73997a144038c9ec9d99528dac5f184ede2c77ab096dd99d05182665ae4345b7844dbbd70a9d45bec387291c3d2c7f8c3b7d6bc364278bccf76e64fe58d9357319b06ccf21e6a0222629562d6626c9ab18d17489f90968d09dcd25a6a3635051fbf45023a445eaa44145814059519e25fae603b1e275ed4eb352d232babf92fb66ff0052799cbfaddbe6b18e3bca14e8eebaa8d2d0aeccb9a9dae7b5cde3a4f758c8a994a198c83b248d6593954e2c138e394303e04b7425a3ccb734f5d776e5d3bce361d1d8767754d093d0a66ad2af6a5c638ef335c314ccb04b8672ce10b6acb340cf95db67ae5613ba947cd665dcb2c4321f94982c8077fc53e4cbbab6feada6c0572a3b344dcbc83f5b93a2a86eb53abd96d3cd196f888c869d211b1765c6a99fd64446a570d3e521d341fc91a32babbe9676d555c1eacfd002058292eb6e1aedfdcfa33c72adfd31d0768cce9494cee14f91ce5e5c7148f6128f91aecd532434670c64284b5f2a41606ea3c6e555ac8b532e63372ba59b3e49b05793a6bc1df5f78ced26c7dbbe08357bc4220c9c1a4f44e1cb148c85a1bdce9ac574dcbcab54e26d6eff001b518e6acdc0831aeda1d1eca64c07f459355d83568b836df115e77f0df262d16ca6db045e77ecca2a3309e9bcf56d565907d3235b76e226667b2e732ec1a3db3b76522dcc49182700d67e0d5289154dc2242acb03ec60ed570890e7fb6438814544d3510581250c91143206550597228a2063fc0c60f8018c5110281440443b5f407a03d01e80f407a03d0701ca8e8871fc727cc3e0989feefc088903e4a98c7229ee07f98913120fb818a5319337b7c40fee158ef38be70263939c30e1fe198775b07911dc9ac75520a1ab35c756f7589a36afe6819790aab648eea63589d8f3ba52bd00a14c567ee9c84914502a4d1e878df18de25711f18f489df23fe4e74faa5e3b225631ce8da9eddaedd9099abf342369523611f55a3ac931226819abdca3e98fd0e5ad676eb9ccb7fd190aab36463fe60324f285c8dd0ddd3cd93343e6ceaa93c62b9299c59a486954da695bc2745cfc82719319f51eebafa734d6df48c82c666c31b628fafa60fa553924c5578568cd768a02a1aed66e7dc381723f6bf0d63540cf3bb3c7b48bae3dea9e1ab349c4e7554b3e411e67947e87e25b0a12724bd5abf08fcee159da3c9cb22a3064d9c2853bc51d115f60ce189f17f39716f22f33e87e4c351a26287e3fde779dcb9a2acef646646781e5db5a528d1971a49e929b087b2f4ad7d8d72c466d270f14d7f127505ff432b57916ddb22f0300d0fcc2dab588c4f03f001e2a6cfa667f052b678781de2df408ce70e3ea339b03e9f9490b0430366908acb444dd8e38f2cba330e6b32067a5fb2a332ae9014e19917f1ebfb80bade3d575d6be58a99c8d5ab07d8193ca384f342347f1b1683170c130436d906b44be95f3efd41d1d56a49b7ac5250537090994103103743f6b77345cd57929d01dbfe477a0ecd28e11917f61b5f45a08196964dba2d8f2ce5591a95a0eaaaa37441312a8e1ca80994a027300000065347f6b8f8a56d5c690614ae8224bb58a18efeb86bd51b0273e97dc48e8a92e76ff00ac37aa03a5d0f64ce892341a0a69807d9fa98443141bf6b5f31d1938894e70ee1f23780da61df3d9289b251fa11b3c4dbcf28d163379d2b28caac13c45d94c991239d37443aa9a654cc6f88fa0e3bdf1fbe7f392d983ae53f2bd44ec2a8403c70e13c5fbfb3509afd6d919323645abfda9985d34c5dd94ec4a09a0e25a1639354a2a0b9139cff00c3779f30f7ec9e1ac58479eaf1817cc4e8d78899bc825fa2b31acbcde79fadd52bdc6b7a8686693988f912d82b5567d5a9f30395e02c1332ca33014916ea380000099c8729615d175ad0ba7fc4ff54e771368dcf05c338a59e9d0f63febc82e64e40a099f85faa3cd5130ce21ac18feaf2906c0d2919fd44b26c493d18578b8355c48e8809d7207fbf78accfba960689903abd7900dcf4d8ef1afe34f328ec718e572975c0f97ab416ab9764ce526c52ec410afe9160beccdfac1647d2b2095a6ecf5999da4dda28bab1c0cbbc24f4469503cfdd0fac6e1b56a970f199965172eb0e01d31db8589abec4fad8ce9efd8f5dc9aae58bc9e7adf2289d7cf211d071f28e1fba8f709b8856ae5ca4c44840e93caa7878c8bc97d1603c8e78d8bc44d23b50f5faa6b7966cd95d9d842547a2138866c8d4867629d8a789b1afe94466d4a8475b0a09ba48cd062e556fc03a42c43d9f84cf384ff00ad5c3ee29eda6a9e3de43b21792957b2566db1819d3ed9cf5a5978597908da7c8c7915adeb90ae9bfdeb1d6009f71558559161ecc07f1920b36b35165123197012a80b2e5f81808072101537db29c13318803f6fd843d847dca203ee3fc44395e80f407a03d01e8386e8ea2607395614c0df8a9a5ecd4ee3e2b28e7edfb9ca9980ea115f994a201f1fb6501309803ea00907cdbf9628af193ce2849539bc6ddba7b6c7761cf39cf3754eabc7b21626e72b297bd3bac2314b2d375ea2ba7e825f8c3f32c84a398e8f053fe7cb0fa0827e1c7c6a40f03e4da2794df2697a8f75d8dae464eea1ae693b24ab75d0e76cceeca33937302eddc843374e3f529d4162276573f8eb0222936adb0141164b1de87335fb4f2279a7d0e139bf56d9f5ce74d0e2df5cb4af1ed6dc636184b073a74e1a05dc6db291d5d95cb445762e1754d9b127151916b27429a9209aa63577302922523d7122c019e78e4e8deb1b7abaa730f73e473b59e90e7052023a5ba06a70ab21cf1d5d4b994d55e95b1e5d288c331670f689d8d8d3b9b2574c90ab14e5413a49b7494522e1817ef62f95ca1e2fd137ce3ff149cc74deb6f251bc4c8cc6d4b5160abf078e6796082647aa05d7adf4b8a5227f549ca3c2334915a25ebe47f4b4480849c9c7b8211ac9872f05f02acb57bfc4f587988db9cf90ae9e7c8463c8dcfa6e41da3ca39214ef949a42a543cd118daec45b2970b20f5c7b20fe290897e739d652348b2ab9950b1d56ea55bacc247556bd5c88aed62b4cd942d6e020a39942d7a261d8c624d593382848b4db4644c7b26cb19b2292292654922010a004294003bc4e319223ee8a1f683e4260224a2a9a40611f7f9151228548a3fe62ff000f41cb14882629c4bfce5f6f63fb8fcfd83dff00944deff212fd7f80fd3d06b02807bfb07b7c87dc7ea3f51f600ff47d03d06d822914e2a817fbc37c404e61318dec4fb8042fb984440a5fba6f60fe01f21ff2fa0da2b2685f989504c0ca19531cfedeea1befaa759528a83ee714cea1c444beff001f61f6f6f6fa7a0f3762a8d5272124e0276b10d62809a66b464a56e6a39acbd7a423dcfc7f2593d81904dc44b864e4485155232224544a02601100100ae1f42f808658ce88f3ad7c3f6d2fbc74f4d3460f1c49d26b4674f393f6227ea4ca40b4ed3f2c5c2523ab156935514d35128c60fe0913b76cb8427e4a20e4431de21e47e87d7776b978dff2bb8c4c7087923799a69f8653ef908bc3d7a2f46afed0de2aa53729c69d0921fd612552b05fe3938b5891edccee2e6d662cfec3b90045564d820cf928f1f1d51463f2df35c05af0ab273759b4698e4ae33e47add2753ff0779aa89079f389bb3f72747bc985a673ada7a068f9cd6ed922e195ace56519625d29f8a792866d2c800580acfd9be3ff00c5e71d72fd62ad656b6bcaa52b152c779072ae7f6286c1a4f419a2a0d8358d639b57a9f20e8d7692b19dbac79c9657edb334cbd4cae5c1debb405e040df3abe23ed5d390955f211c4aca4b38f21fcc5fa7e915b9caab79483ba6cf5aa622f24e1e8066c8a72ecd7da603eea635e905d258af9547f487892ec9db608b0965e11bcb6d77c98f352a8d91b4652fa9b074a2a91d219db06831c5652cd125a363748aec03960c576158b91629c1d6600453f42926cac50898c082aa03cc40ca193fef7fd72889447e0627c8007f90fec3fc05427b18403fd511f8ff00101f41bde80f407a0f861f60110ff77d7d0620d9757a1e239bdf35dd42c0c6bb42ceaa32b6ab74ac8bb45bb5610d1c918aa385535beda6a94e55ce994bf3f751531080531cc4f414caf115885dfcd0790dd6fccff5ed61eb7c0324b8128bc3f93dadd1de56a1ded124d13559e4243a930e5164c3143b945fb97883446395bfcbb876d4ca291eeca9035ff213e42ead47e92b0f8fcea9f1cbacf43f2ee9780b1bd1ae507194dd2dc6a458570aca6964a3e1d62795f9cd3ffc248f4dacecc9e01f37bd422ac94934e11cb44da3f4412ff3378a5e5beedb9b58ce3ceaab0dcb921bced574da9f4972aeb2df29de311bed4edaacfd6726ec0c0ee074666e1af3dcedc2a8679b03488afde58fe1bf6f634df11b83a5c19d77076d75175bf482de1fbc50dce7202db9ec6c0b4edbef423a3cba181537f15009bae42d948dcc8ce6cd2c92644e5dfa05fcf24aae68f682d5e049be88070fe3d3c6e738f8e5c75ae5784571db9909478a4fe99ab5c0ad1fea5aedbdd0266753f7d9c4914d75dbb7f810b1d163ecd6310297e29fe49975950623f02087b009803e426fe550e5fa984447dc4a60110f71fe03f4f41f7e454fd8bfc3e9f4fafbff00e711f711f41f3ee93fcbff00a3fe1f407dd27f97ff0047fc3e83efdc27b7bfbffbbfd1e836c16289be83f4ff0047d7ff00c7d06b1548060288ff001001ff00ca23fd9fe8f41ac04043dc07dc3d06dfd84be62a7c004e6310c271f7137b93e5f0f611111002fccdec01f40f90ff00947d02e3f243e35f9c3c95e29238b6ef4d282ec1b84c66fadd51bb363ad64d7223c33924fd2ac8f225f10c471f030bc8d70a1e3e54045276994e76eedb824be71e8fdbf20d12fde0c3cd5c939d2586e744bfd2393fb905c2f1109d4b90dae2a5e0dcd42f16319422358d81b422a9b068b2ee8af4cf8868c51c3874ac5bf9b098f8bf01f1c788481b0f67f53f4749e80eb20cde1717ccb66ded8d169b0dce9cfb56825eb352c9310a1e73151b5caada6d9f8c533e92ad479ecb719690702568433c7a45c3c672e79a5d0374ed1d128ba9f3d43f2e719d690a565b47d7f74be41d0b549bea2becea89e65894f53ecb6f64cebfa8e9f41703246a23545ddb2acdde347b30a22d5fa2270551e5db0dd07c2ef908ca7cd5f24c248af866b572353fb9f278654b1306ea7adaf9171615d3836ae63da20cf5c33776f192ee7e6d637418e6ef145caee49b8aa173dc3f5dcfb76c9339d8f29b5b0bce6da55420adf4ab746b83b9693d01331e83964ec4565977683d4be428ba45712b845da4a1152954298a0196c0407f87a03d01e8388aac29aa20a988443e28814e630007dc30ae2a7dd11f6021008917e03ee1ee637b0fa0a837ee50ddf47e97d2b96bc22f31cb82dac75edeaa967dd57f949161e9794c4493f9cac46db5cc69142a506e8b5f93b64d0100cba50d5021be3ff384c4e0d7fa7aa372f193e2c17cefc7c65b6e9e99e76a3d1685424aa1473ea7a2d66a8e2e55c83d57706b4839a15b69d74af526664ed068f43e09cbcd7b9160333fcb128235dcf5ab3f6ce13ce9c7dd8fca1d5f72c4f48d85873c647e4db7c89ca707eb78aeb4d0e76df13926a50fc490d1c7bac2e3ea1abce2bd38f1e100962820762e0890a029ba09e9e46fa7f4fe1fc079b7c7b7174166167f27dd8d5aa86574d95c8b30a764756aa47d668d4ea4693d2b3b4f814e461a8b55ac56686935ae15ff00dd8e8b8b893ae74d48bae18820ce3c6078ddc63c6b73540e3d963367377ab0a71f39b6ec0e625d92dfb0e9e2aace25add67752b20a4da7110ef9e1d06112755318a48a7fe0ed778aac13c23b58cedf5de7f308bba57e4b47ad47c44f5833e632b0e3738887b01d074c269dd5fef252e943c826e8c247429a8828043002a654aa000732d5a1d528d00eedb71b543532a110666acbda2d7271d5c8441abb59b3645cbb999c2b18c629ab2ae106422a9914c4ee4a421c573a44f4106a47c9a61372106bcb55dd73b7e716729c7a28f2a53a36dd9fa2e8f2ad22bde43a16eb3d42e6e8564d547c45d772e6dc62fe114cb229ac064c0c1c36f27e54754687730f15c85c8d16f5845aac23efcc748eb6d362cee00ae9c92da150b4f32e630935f8cb91132312fad6c105933091cb80309530fb26dbc9fe4a3213c95d7943aea09990f21239f1a8b77e4dd208da3a38eed78da5e80add778cd6565671d148dda36b1475758954500cbcc3747dd44c3da35f205882d8ebdd61f25a2d727a1aee965163e7cb050e410e828edede20c8b11ceac33d447eeca6a76056618bd8a4d2767899baf382d819491ebc55250818f183af28dafa416249ff003071753947692b1b47b554a7baab765e1d66726933737bb6d5352cbb08a14e3f7476cb2f1d03fd7d1cccc919ba334f4c26380762e1ef94bcc4a75d70e33eb88a8d5df9a5d9b16ba9f1868658f51fbc7116d2bafe425bad336b5d8cb1674530464bfa3d9a86103ace1b266058c1ce63e4af25a518acfaaa81b9f143a2a89a4fa6fa3e82c2372264f14226056edfa4f369bd339b245b2a7f7122a5b611502fff00ac8b71102fa09c147d5f3ad3e0d95bb32bdd5747a648108a31b8506c10f72a93e4852f994cd2c75a712912f0ca7df4cdec92e6fe5128fd0047e41d7caeab4487ba40d0a6ae55c83bbd860ac5315da84d58e0e1edd66635c6cd5dcfbaad56dfba6f2f39170ad1332f20edb365526453262650807f8fa0837e4e3c6ce2de4db9ba7b13d1d9b087bbc0ad2b69c4f648e61f3bbe1dab0c6a4a43db219da0e8b2ab473f5904109a892fda24b2004500a9386ed574c1497106c7a3f908e77e85f1f1d94dea945f2d7e3dcd71a94269363a253ecb355ebf3c8095a9e51dc190213f0af0b1f386776360e5e5821d8819241cb79566ab65671991105a9ce57de32f1456842b96fcfb53ef3ef2c0ab5a51e6f58d6e01a72b71af373982b347d4b747f986abd1cee38f36f26745ba11398bfc5d6af377b6b77cd524134dbaada2ca163de7f99b4f968f172f03b6b9ba5f0667d554abe424c509d4abc70f12cee6ac0f94cff4ba9399045bd923a51d5651693b0e69062cdc9df3045c9104dab98f028291fdb77d0778e69d57ae7c21f4b590c4d6f8f751b9d9b1272fc9f65bdc71a7b3655e7d2af839314e5824ff00568ab4c53727b2c9c45b8040844a3d62102df6d415fb627584c0654df70113013ddb9448402a02240fe6317e3ee711137f388fb0fc7e2001c9f407a0f1f719a89afc5484bd81ff00e93071d18f24a424ce0883464c639159d4b3b9255c10c924c58459145d430897e0826a9c040c52880530fc01d45f791cf269e43bccc5f9bbc92af93469bc4797d795886cf52808d978c89070f5822b2246d1b3358c223eb714a192213d94b33b1585439d511061be5634ef2cdcc3bcc7f4ae1fb83589e0265478aabdda26a3cb4cba1e7b0eb944be55c39d675dceddd9a2f52d233fb4cbd87f1ddcbd1ec0c429b0ed1317102e9668ed47e1d1f8f82c26c300e7cd77900c5f8963edd0dcb950bd663d39865e74ab25998e3d1b50b5a9a325a266d64b34b50b37bb51aa8ccf1924da28f2ab83c74f62d1927041390e1e57c0de477aebed67a47cdc74843cac6e95d6d65b1679c95052876edd9e51c839faeb56a09c56231a8a4d23ddd8e45a0325cc44c147458a5240aa7c261d19c8350f267dd27e38c716251225695dbf4534855b2f64855a36f95da93e8b8893b1cae87a9d4c2ed5199ff09eb5055b9556464590891116629081d62a298857379a10e4aceb98fa8b64ed6ca736e90bd2567e60a8539cf40deaaf58b0caec37ad9757c96b2db3fd77a26f92f68e7dcea326aba8d8663f469f231ac55e2ddbf6ec9d9da4920f427ff2c74678267d66b048ea153f1d78f6db9dcd433a46c3a2ef9cf1d4511271522fa79953edf84f40d92df6a977a0bb68f934e421ff0016bb64aebc37fd23160c9c47c9c9037761e49bc75391858584edee4691957d3516c22e0637a0b2959fbf90b34d39463a16313fea4380cc4c3953ec8157028394fe4631d2298eb10271b976549b2e4709fd966dd0101553320a3772a99995cfc9b2200f537a8ac9187d882826721923aa62010e99c42bcbda7fb9efc5a725d82cf9ac5dcaebd3577ac2cf60e6a2f9beb55db354e1e58a9b5688b398d26df64a7e7120d909558c8bcfd25e4b28d9444e459aff002887a0a767fe3df99c9799167e4b64f9ff00468ba2b19acf2594cae3749acce5b5ab5a87365f79fe7dd3176ac130afcbcbd959d919bd39545598123e3cecc1d88b940a985ceb8e3f72df8b5eb4b4b1cf2334eb5f3fe9338a358f82aaf4d56a373c613720651b4684746dc20e62cf9ffea60a99049a327530d147aaaa54d1318e2a8a60fe9ab959554ea2add266b9408819b905b28ab744534d54daba3a0aae5054a55be474fdfe099cc2041509f15950c63be696c71ac92f9a44bd664ae5014cafab629cadc5d8738aec949c435500b2a8359ed8efd9c6690c9a0c4c65cca4c4dc4321222644ae016553000421816bde097b36acfb60b955782722d62167e461afeddae89916676c712afa0626cf1d2885eab32592dcf50ae5dab2f993922d24c3f322a493928a7e8474bc64847b308ffe5431ce44cab96796358f1df0f8ee5d6075db0c18416fbcc2feb21752db5bf2f75b036753bb364f73af5eee71cd27df94f2516a5bddaaf982e662627db7898260edbc7576f36ec6c68ae6c70ffd21b366eac7d6b5aaca106e69910b38755f859a81d3b2a8a9db1cd482d8ede61269a3e8472aa87f93758c8abfdea4a14414379dcc86d9c71a973779bee7383912687c8b3b039bf57562bc54dbb8d57932e2fc2a4ed79d6e46e764fa46ac7b23a8c41747eda8d8b388c88ae42c113e01947ca2abcdfa741707f9123660ebbfd4b0bfa1e6de3b796a61c67d4dc1ed7bf751285b8d336cd42e96d66b4aa280d2a8ed8cab77ce5c45b734627f7e388ed62ba6618ef91fb8fc87db3a179ae62efd1580750e6fbc6f5d1982ed38f71ff325bde619c90b61f407b3365b54c762c93f6aaca48e696b1808d4584b314a3edad65ce7859091220d9dfa0859e7e2b72fe3cfc9b78ebf32f4f64ea22a2e2ff5ec4ba9c61e15baa2ed9c3c3caa0e9b482ee0d208cab9d0b039eb6c50abf6c5cfc2bcdfec9c0ca22700ba4d56c5176b838ab0c148b696849a8d632d1322d562ae9bd8e9268ddfb274062a69fc01c36725394bf5fe43147dfebe83d27a03d0231fdc5fd363cc7e273aa2563e58585ab5aa7b5c02a0dc84588ab87dafbf0afda9441eb655a3960e90cb91b09d055358a707054c03e226037a0c35e3472d1e01f0219237add973acdb5bb873d3fd71a58f5a94634ca3b6e88e88482632d6d7eb2a0a47b5868971a068152804457050e922649200314e1f6c2be195d5fc967076a91142d1ecbe447c736793d4c843693b9c7318cf2e9806ebd429c920aa3a0d8124e3a390c32a7a7bb97fc5b4c743a8f577ae1ab16524f102a493a28369f3415896a9f277067866c38f48afeb1e40f77a465fa838c7732af63b9f39a55466e1341e93d3a1324a716622e8d5db5dfe58b62916283b5d66c98c88b976e5659d2ee02ce9906579fe3793d2b23cde018d7e8b935420f36a4c2b44be2941d66a70acebf14c5138a49003a08c68995c284fe6154048630893d80292fd0758863758f54e9aed0752d7f73a175a46a16c9f9595b14c4240d4344f2c15081a9551ccebd91fe8da33687cee10eb40c48328679211c948386cabff00939304d4e36c626376e61edbcc6a5518db9d8652fdc7f3adebb28f219bb45d856fafb5ab3d9ddb7fd69e3068cde35a6d72444a715933aa980a28988227f907b3d2fc5e77bbeb17484924b424fdfacb8f75537ca7a0207a2efa9582c1757dd459ceb181e6cff2f98a6e7955e60cd8d8f40053df44d01e7e8b2917f9c3293ccd65d99803a7a378d5e904ec19ebf65ca90f93e7f9a74df894b2d222acf62c5e4b41b0e4fcdfd2fd33b1f445f6fd079fdf2f70951b5b78ad55aae5876161b328fd08b66a24ed45545a2e3815c7ee64f319a9dff5dffc2bf8dac769688c44dc752ba5ac39f4f4ba573d1356b40b56315cf510bd78c2e9dc243a7284fea16e4fca4e62487f4d3824118e5aac125bc657ed1ac16b99cd3352f25b2735a6ea12ada3ac0fb02cf6e0ad6a8d9da5226fbacabd71b9559689b1dc2c31a9372a524a44c925109b8299ab23bb6ed8b20f021eca78d0e0d2fee337fc62a73ad694e6c788e188b0c9dad8b445e2ce4b1717ec37d9a552b1257025c18a2f2df5a8f90158f23f708ed8a621ec4214a0196bcb2fed2c8186a3d8f6bf17cfec8f6622ccea4a7f91ae336959cf618f383b59e2d8de952cfc65539e87640aa84829807ce64d322c46afd274a26ca403b1fdb17e6774e6fa2c578abec3b3cc484a208bdacf2959b404a458da2ab3d4d6a64a7f9c6ef2334d9ac9b96b08de25e84002e4178d9eb25e20542a468f6edc2f01b3c15b6f19169958cea4e221efd66ccefd099f4c586bcdacb5a8cb5ced51fc5d5a727e0e4be71562828d9876ddd3a60e80cddda00289886387d02b2b89f06768c83fb2c421cdaff099a676fe2fd575ebcdd3b53409bbf769c95332dda73ed4ab8e3ad338cd75a9dc768d5dbfc3536502bd5fa5c59e5ebdf92c1ea71e8c9199c40751dab92d8f0bf13be20f2bb8d29b6697da76d7cdb09a2d3e308d580c5dfd0e1ee973dd82552892356cbd997b2ba76328ec480abd7bf354c63905337a0845cbec10aaf55f3069f5b5a56bb7d6d73e65ac3bb655e6e66b963b2d5ee37cf19797582a77a96847ec1ee874d754ad8eccdd1879d3c8c6337532e1f364127e257250bad6b39551f68c92ff009468f596364cdf52a258699a0d79c9140613756b64448c558daa8c5afda228f0ec1c7b10c1eca18c60101f9108250aba787ca04169bc75e43fc23f55d2e036eb1f0c6cf77cb6068777977556afea1975c2cb66d430c973cd5798216cab57e4af90ee1f349f4d4348334df3251a284728b7288433dc738f2a7c7b4182c486065f8d39c2ed8add2cb8de51e0cb9ce6354704e8c665a9556b54addf7cb8c1b6bf566d7613c8379994b71e53ee3c8b8c789b792517f63941dd7963e7cd1bb37c1369f5cdea8d130fd3159e64a4f445aea506e58cab6a9f42e4d518ed0af1030d20a3b914d765193894bc32ee5bb9545666e8e00a0915317d07bcfdb9fd44a7567895e53b3cace0cc5cb2baac8f3cddbeefdc1720f3127c9d269af1daee52fcc929196cb18c03e7ce4eaa9f37cf162898c25fa03cbf407a0a6c7eee49c94d458f8cfe1680767464fa87a9d23ba20a0f9d3714235c56330852ac8270f26d01552c3b1a2a22627cddfcdbfb268ac0262fa06bbe59f1dcaf49e5ac4f9c6ddd6f9071365b27bee18f66b43baead4dcc6c0e73cc14cada92aee2b3174ae3a806baab09e8aae963ca74cc92646e263907d966ab879de51c9bc81d6f58a94be77e5c72ceebe496371458e8f5ad3f31cc25f6c8bafb7a943a0feb309b960b2327033f7187913377a64e4e29b02c476728392a8a8ae508a74f192eaefdcfbaacabe4e716a5f8cbe2f82a4d78e9399346309af743963de5924d032ac639c4148cd52f4891644141cbd2a91f14909162a7f16e805a0121118e54040e41293e2092a7051748bec024fc93fc8c73385931054e271f9fba9f5f4146be84ff006f7d265fec5755ed54ce1ffac436ede615210ff7bdc8b183e9f5faff009bd038df05a00794ea113801ff0019c66666ff002001fb27757aea417074c07e853aa098009bf8fc43dbf80887a0b0b24dd2281840a2022a2e611039fe5eea2eaa861f97cbdfdfe4a1bdbff5404403d83e9e820cf921ea869c3bc4fd2bd3e2994ef720c7ec33d4f66a91218d75a148bd8da7e6d16fceb26a908849df2d91cd889087da3a2a2a06298a50000a227ed35e4669d63dc7d07de3b7c4afa0afcf4b3397aa4ecdb31916960e8eda666564a46eaedeb810248cf5358b790914847e466cf24dbbd214ae106caa61769f27be49f17f15bcc723bdeb0ce42c7f764dad4f24cbeb6f22585a753bfbf6326a44d3ebe59050c6838e8a33507b2f2eb34934e3d89047f15cac741ba81f9dc65be7863ac1e67603c9aecb832f5da93cb267ebdbe8d9858dfce49d76ab53c46f58545bf6aa4c33856b3f22687d11bbc7ff0036a9a6eddb00419fd907691920fd45f14d772be80cae8bad6536e8ebc66ba855612cf49b1b513bb8d9b80914ff003925bed28406e83cf99ccddea3fdd8a0f1051b9d3228818be8281bfbabb8a038ff00abf0af265cc6cdf66735aee80dd3d0ac7515e3e253aff51d1d72daa8d77641168353c74fe8f02d57732ca008fe7baae9dfaff79f395d6502f67c6bb744f5472973df43304d32c7edf9150b4d51920f41cb661296bae32989b8e299031413730f6278e90540dfde26e9011f701213e212a8ed90504c264cbee73a6a1cc5f721943a60004150c41299400287c440dee025fa0fd3e9e8102fee064536d88715a2810134bfede94e20265f7f89483cc5d6a7fb640111f8265138814a5f60297d803d80003d024fe74fe4dfb9c44bfc4ba871ba41effcc0099ba13c3a10c1ec6f70fa957387bff1faff00bc1ec1791441cab10c8adbed1963366aa089ce2532473fc4c4705287f28810e511028ff29843dbdbd804042b29653ccf2c7ee6ace15aec658433af26fc536eacdad16c92868a4f52e7924eccc64f1a31465211ebbfaf507386b1c00716a8a484c91c282a1535935423f774f7674697b87a439cb52ecbebde3eaed2d7fc5c039e38638227f70d877dc91fd07349495df9bf414b566e70ad4ab586df3116d5288419250cf62544dc4820e9301700e1bc639d7d2b906d954b8d7bc86c9c5b9bbeb112f27bc9f47d720f7ed32b1774d2712f6582add7893125139b99bc9396b170aee3a31441c26b222cd240a87b0264fda413f359ac6f927e1db2cd7e6c872f74f7df8b8d0050e9348e9b5ed396492ed542b448a922b4ae1bee645d29f980a18ca8a65fbc73a81720f407a0a6df98e563f50fdc87e0eb187d2b38a36a03384db1cc3b710fc08f7c5d4eed77abc9b10740a373ba979be6b14a40adca574a3460925f2fef130106a3e5bb0ad6f786fcf340ce2dfe32da04f586fb5a7194f917cd61b4026b37eb853e32ab5a470f9a966b2d614b48ab35464d314e2925241f11c2645942352024a02ccf047c2ecf9f7727ad2cdcfde2fec773c13288ece677aef907a9ae3a9ebca69726d9b572d551d6b2555f4bc2b5bb59e018bf51eb855b5754495497fc317cab975f6433b78188d7b79edcf3abd14e0119387baf7fbaca20ee51d6524e45c933cbd3b9917ae208b4937e98a8c63ad910aa8e4a73b722ca0a2dcdf6d2f73059fce07fc35c5420a6a1814318a2603983dd537c00c72fb818412f887fbc01edfd9e828c9d09fedf3a3ffeb63b53ff009f5e603d038ef057ff00bcfaa3ff006d95ff00f1cf53fa0b0da7fea8ff00c753fe50de82abbfbc12df235bf13b1b0accef3f4fbff5164757b0376aaac915dc54555b50d0d145d1503105d3324ad15ba8a10e2254fe00a940144c8600c7bfb36a0221af8bbd16692649212f63ec5d3d2987689d544ce09059262ec2308402a852b7519b778b14c6481337dd50fee23ec5f605b9fbd9dcdfc24780106c3244cddd41f433a74293748f18bdccaf32d8b72e9c2e9895d2f2ac6aaec134ca7f9148d9cac24f613aa2214b4e42ce281b2f4ce179469ef2f2df3fd135dcd73fb4a995b53bdbcb2addd2e11302fdf5599bc83b025212314b4810e8b33b538ba70a07b08887bfa0fd787c5bf8cd90f18749bde1f53ea2d3773c12664a22c743a46bf0b1e84964d6394909c79794ab1371056706ea0b419076d1eb98d1608aed64ff0025c155059eaa27080dfbafe950963f0e7abce595049f3ecf760e77b3d7a5c7efb571173ef6fadf36909762936553100180bc49a6082a6591005cc600111298024afedb69ab0ce785fe165eccc091cfdbd2b508a6e891ba0dcae6bf05bdeb1094e91f640a5050d214f8f60a8a83ee7504c2637f308fa07ac5111f97bff618403fcdec1ff0fa040bfb837fd8a715ff00f5ed4dff00bb0759fa0497cedfedf79cff00eb538dbfef0de1bbd05e5d8b722d14c40c03fccc99fb98863a67fee8a0727f3a62538014c23fc07fb47d0565bcf9b294a4768781fe8b6a2d5947e7fdf039acfcfca4b831896286ae1451631ce5aaca835073311f51954d274298825f131541f81803d079ff0035c8770ff8b0867bc77be79235affae633170f8ae17caf8752d8f3cd56fccaf7220fee1baf60da508f4f3b6d61862aea2ad4b2ac9eb62b36ca8b9064f114002467868ccbb0338b675e8f4645f68d5b1bb349e212393c577a6ed46d9b6e757e6f0d691da27ebf2346979a8caad15e28b41a31ac182df64cbb6782918ab07d017bf86b7b1b987ee32f38584b190b2224bc2135bb27112eb15db57ae6475caedfac0f907011ec05b35859ae953211c8097ee1583c282863894bf10b8f7a03d0535fc87041a9fbbafc4d2760405db12f1fb3fc448ee1749242c2acc7790d61647ed2c9fdb7069c6c89c0e002206409eff4fa08359f287e3e3a77a8b5cc276ee43de310c6b51cde8bbae25356bdb32775a44ae599e6f86856f6adb303988f37e45036ca947545c45b259506cddfb476241906254962bc08bde2939479e39c3c816c354c2353e1c7954cab93a818152b27e68975eddd2927075cd1d95a2dbb4f735863416815360797e6ebb14c4aebfbb22a0d4cdfe0d933281e47f6b8090726f275f16c9a4a21e527a24a0e0050517702a41d2963a8a38448987b09d1200a45291221ca612a65f91bdc2d22ba64499a89265f8a69a044c85f711f8909fca50f711111f600fedfafa0a307427fb7ce8fff00ad8ed4ff00e7d7980f40e3bc15ff00ef3ea8ff00db657ffc73d4fe82c369ff00aa3ff1d4ff009437a0ad7feeb9ca65749f109ac4cc6a00ba7936978be9923f6c8fd5924e28b6e5b389234320d19ba23875f8da57bbb131932b68923b707f98240998212fecc9d8aab39c1bbf62e478cd1bae77d4331a04b460385c5da558d5732a0b58693fb2e4a4f74959acde7d137db27da481b225f73a863a8a0390f339e2de8de533931f6412b34c6a1ac50dfa570c1744902bb2c655749fb2a46b36d6634422ee59cd16f257ca45cb356ed9cbcf659bbb6243386628ae1f9aaf2e40b2f115e60b2367e44f2e9c748f2aee6d25747a4c5b86734042856df3bcb750ae3c45449ad8a1a1246d10b728a51b950fd4506a540534d471fdd87ebc39369f9cebf40a8eab96dba16ef9a691071b6aa65e2a68924ab961827ed08f19cb4649344566ad19bb15cc751abb226e5b3e51c267fef0a2500af67eebed1a1aade222f35799899657fc49dc79da9508ea3daaae128d938dbbafa41c65cef45b83241dc0676f5ba6b2c938f93972914e894048a9c19cf868cb5b637e2d380e868b2751aee3f96b269c9960f640b24e58d96f95867a05b1b99c10ea90121b3da9e1d24c0c25491390a402100a99019f80007bfb7f68fb8ff9ff00dc1e81027ee0dff629c57ffd7b537feec1d67e8125f3b7fb7de73ffad4e36ffbc3786ef4179c8c30846c7fb0ff00fc26ff00f245f4157ffdd12dd17398f8bb2289365be5e5839990593745f643f11dc1e8a9280e0e71148cdd45ca9898bf11fa107dfdca221e8191f5e7786f193f4f54f9079478e623ab354b1e16ff00a1ee69da3a669bcdf55aa67295cbfc3c6c97e5d8e89a1beb84b2f27f2f741bb56e911a94802a1813f890331f226c5d9fab4bdc53eb6e1dabf26328c878693a8cad43ad29dd226ba4bc949c847d99bca33abe63991ab2e29e8b16e722e75dfaae137825407ee914f415dbf1da585ffeeeff002c668155451a1b8ee4949048a2e0ed1b59959ae070b59133b930a875169d45638fd0a09904a90000261e82e65e80f414d2f328584cabf7237838dba521a7d40bf3480c294978f29ced8ce9feb970a3d5db352282669f7a2ecdd188acf8ff00003a4d1c10df2fe1ec0d03cd2f06673da14ec6b43d57b95cf1d66d89d95e0cc96ff29527fcb5a92f6677049b681d933ebde9394d6acebad211a11d18a2b26aabef22f9b8a5f057e40100bc381b33e48efcdcf8df36ed1f1e1d2115ab92e3bcd96a1cb5cbf6cc92fd4db743c5e5b048c1c24e50a5ee1cef56c55bd3a2e35f9615ad81c0216e93789b748862393ac197bc0dcc3ba4f6e79dee6d752314c13ab77d29aa44d6a322926bf8bfe2b12f44929749d846312026f22ea110d1544e07481d26670dfe29ba28982cf8a1cc766b98ff00eb7f7a5fecff00548ba8420fd00007dca50fa87d07d05177a385426e9d1ea263f137f8b9da8511f601fa7f8f3e5fc7f8080807f1f40c0fc65f4fe69c994ae8cd275956f0d6bd3ba0e019cc7baa165ba36c734f2e17bd47a62069d5e253329aadbad4939b44d392c647ae2d0c938977ad1b2455dc2a9347013d6ffe6ff98d1a11ac192b7dde4e7dddfa0b3987534de1eef8a95016b2bad521b3b9fafbfb3d7f97ad4e46f859972ea062e1d044ce5f5ac848f14d350e6044185746e3948ec6e68d5313bcb47aa50379c96cd489933e2a30efa1632f95194419c89927f1eb398ab0d79bca379049551aacac6c8a289d10f91545120fcb73c7ef60ef3fb7f3c9cdf6bfb151a51680aad9d5c1bad72d6c48f6b212f4507275abf71a3b89c6c0d549066d1cb4b4d615fd40aca660d64db95e24c5cb859a0321f203bce1fe56fcb3c4d03a8fc86cbf35f8f89cc8b2ab971e5be161636d990dc6025e02a069992b719c4f34afe457ab06868d81bab2b6d8c7cf616520cd5a934db19ba2b00579fc9de1d5ce74eb7b66495cebe8dee1acd52b396a709d19132909618b9c8b7b9ec3c938aec6a31fa86c8d8cc686fd45a201b96cce14640cfed8a64f72808599fc18f82e90ef4e2da36ffd17d83d799b64b257dd6dae2183e23739aa754d2828897775fb5dfa39ccf2b652b291b3682e5ca0a845d69b10528850ee5576772a0b60579e61f27c379bb7dad715f3275bf5ef57f2f60285434fe9c83b568d19b051f10bbc85a23f3b90533f7d5e8d1a9d7acd0f157f18f933953068d6cd2aca394585f0836207ea311769a6e49cff0059b25660ec8ae7952cd605783ad51738b75c2e48569386608d723eab9b51626c76b9d986ed4c8a2316d593870a2a63089c3ecade8218497984e4f86657e773b1bd3710db308284b1699287e42e8e562f36839c76ea3db4e5cdf2398b9635b6aa2f1ae554dbbb57f2cc8246545304bf98a0b0fcbbf5765fd53ce3ce364cc1ae9e936cc3c9cd5b37b630bee517bcb67636e713cc1d4879eaafe85a1d6eb92aaa916ce51b7c9c111511fcf57ec02a61228990175f3c144bbdf378097d8c3a9f1c889bef24b954f7e8df0e7f1390c88014a97c7d80803fcc240030fb88fb885e5d87d2258183f88336ff005fff0068bfe8f41590f3d1252f76ed8f03bcfcc1788946172ef375a9cf54a5e363a4da3f431e4a88e994dbb45d46bf55061091d66941555f7226403fcc404530310301f9b6dd39817eae468dbdf37f8f0eb70c6b09839d80ca35eb975453baee3667489776aae8c2dab22c235bcd92cad9b241b2c9b27aab378676b018aab40391558258781f4f137e8747dab2df14d3fe31d7238ce2b8f6d72725a7c94174146a6ada662364ea6b6999de636075588b79206311fa0c144dcb7709099f2c2989110855e1b5b40697fb8fbce0ed50f036a6e95318cfe32ce524530690cd944363add32d8dbf0904c5013cfdb39e16751cb287055568d9637c3dcca1cc1726f407a0a70feedf829ecca37c68f7141327aaff00d98ba90ec24e41aba55223067645aa5a522899124d3153ee4839c480a5590481ca3f0f722c4f7fa037cf269c6fa1f90cc5799243069ce67525f3bdeebfd1d070dd4b9e4ce87855e694a663a6d21c16cf448b76f579716519a63797648aa2469fa9a04154c80282650300f8d1f125d4bc25374225abc810d871b82b9e95a24bf20e2fce59ce3d81c8ce6b016b5ac1149ceb797b26932550ab59b42fcc828f203064d819334488037493f70c3152425f95bf737e970934ee5bfa27c9bf1b56ef357073fa8b98275aaf33c63487998560e1d4b3d5befc6d4b35792eb02246e406b22813ed7b18df30b37a673a8c5c18e223ee00050f9a672010a44ca514beda698951540bf70a06f737b1fdfe8020001469e8d1ff00fbc7a3c3fb3fc5ded51fff00de3cbefa0635e32308aff4ae57d678fcfdc6db9fa7256ce69bd42dd73e735242f14bb9e39d17b2ec79fdca013b9d7adf5872b572f59fc6b93b79888938a7a910edd66eaa2a3849409413be2e76673846539bca7464ae8a7a17535fb5dd4b22d1ac8bc7f3ef55d0e5bb7f46eb48167a92942cf69ceb32d5a0a7ad90b24323538a5619c4a441e15dc13f83104da03d04c16669ac67aa14e2d56fca3393a871fbcdfdfe090a829188e13151648c6fb420e53f7f6f8014bf14d30493e63bc26f37f956a7c64ed99eb3c5ba429f0c9c1e7fd0f095b6b372cdeb632a8b8253aff517931596fa4d3da3b977478d45cc9c6bb8278ed6731e6f751741c87e753d4dfb7ebca972ada1d57cbccda0742551ac82ed20341e64add836cadd959282a3a6320d61a851b25a6d71bbe2351724fd521d9b730001caa18047d061fe26f171bff4c776e6bc51ad576edcb968b15c22dadd95d6738b456ee59a4139a4dab4b3bf5736b037af4b1a42c754a8bf08749447f0c250ed937266ad5751c902ed769fda6d86555ad92a58bf918ec5c4b29b9346eeee3953d9bae4bc2cc2cf5418f9393972c42d9cc1c837356d4499aa33312e55516050c6726150e994192e4be02bc7ce47c31bf712d059e911501d2f02d6b9b0ee6c6ccd50deae24add863a76b4f99dbd2886b011959ae4bc38b84ab4c22d0aea8d9f3a23c62f48fd63bd0c87cff005ce8be91f1ddaef0d74b5927327ec1a5663abf335ef4faed7ded7229fc6be4ee951c3ba1a813106f63a2ec755bce48da31f3f5e0a4d8398d99349c63a246bc03a480615b57851ac6a948d033698699bf26641a52fcd965d2710e3c867753ceeef67ccf2bd8a81af45a90ee60b3b88fd066dfe891b61ad4c3d4e5a4d9cbd7183f9468b386c932282f0ed2cb18e3fcf10d97d7ab17fce20e3fcef58e7abd58d191d15c4a33a7caf25f4136af49c35b6eae6415d3ab56f8f824e7a21eb1929541ab292463d655bc8c73a8f6018139d4009be737908644c97f8a1c6a74cc93516473029d13e1bd430b86a62954416fb8737f29bea527c403d8a000017956a0a1e2d82699cc43047a0b14a98104eb7db6e006447ee14c5214c7509f50f61fe3f50f41594bc95ff4ff00ee6bce19b119b353fc6af164dd8ad273367ef6b8cf5de9151ec7532b8ecd0eab208d94b0d1edccdf01dd0be496346a889504ce9a6a7a0f35df7c7fd1da6758dff63b3f8aae48ef1ced64ab88e7d74c9fb074ce58ec8694bcfe162a4e062adb392f6825467e760678cf9348b0a664d944d640e82a8b803a9e81a078e9ae55f1be6cd0b471c2baa79858582cf6dbe5cf2aeb5dbae9bd6835d6d5168ca3e71ed7de4e6adaa3588ab3b631cfff004d6a8bc43ef11a95d2c8010c5f70499fb476b733a645f930eedb1b251392ea5ea7222d6441a3f60c64c224f6bd3ec4bc4b7917af9f0c405936554ad85c1cce0a9140a71f70f6f4171ff407a0457fb8d79891ea3f131d5f08ce2d496b66434b67d0f524489aa71414c6247facae4ab5040a2a2d28e334613683548444aa2ea949ec6f989443caf89ae8cd53af3c22e512d89684ce13a6ebdce1a273ec4de249b40d812ac745e435f9bcc6a12b315d9649c4548a633cd20a7152ba6c9345a3df200a98e0b0940174e9bd37e636bd2129be6fbbc728f869c4f45c6f2ca1595af5c69f52e9ad19cea3952d783dd752e68c928ede2eb109397b3d892238ab18d21f92d629bb940e53094a98779e642ff0971e45e04f351c9da554b7d96e07df691777da4e791e3015fd1f25b0ce57f1fdd193b8f6ef5391af46cb5fdab66b211ea15b2ec19c9384542fdb6e670216a0c8f4da5ed593d275ece678967cff0052a9426854c9e457fc86d295ab9316f618772d551318e080b291207db308191300a7f127c3e050a4ff004abc4186d9d4afddaad5063117cee69c7ab3c72dc1164ce2377f2fef9fcb396ff951cba51118c1b2867cba8ba682691ca6fb888944c70985cb3a7f54f13ab2778cb31d4f73a56ad350f05293b4ea05977bcaee31e8681b72f9c5eb22e8fe3ad0f7bb2a35d9586d1235dcab197c6552c5811c82b27f54bed8668bd799fed2aec25c46cdc698ce1ad224611ac5e99b06e3a765f9f38939c74eca720c6f55e0fc7d2b6a560d04c1e396a1211002a22a94ef8857291d50879a47923f219a9307d3eff6b8bc97317c82056b62c433842939824b21689a6cab475d13351fb4629639050e424590b13d019e28abd40b0ed9cfea85328a043d2530bd491d349592e560eaa9693164aceceab639be8aa0375e5895a655a5dc5aa8f82f9d5a9353581ed157995591a7611fb276a343b6848c2a863886418ec179fef131fa2c8e46ce074fcdcf6abec95339b3ab71aa7f5b53e0e2b3e3cfbfb130e71ec2f1e3c25af5b5289a64fbe9a32f0eb94ecd9336ab3576b9cc72182065579a3b458dbaebe544bdcb6d94e753e9d50c821bba11cd2d6f7b32af94d1343b37253dbbcb602e6b3213059885cc2e4a88cc494a19e1220ad9f1fe6fc0adc813ae670ec2337926302f288def3a0688955eeb5f67d7dd6f8fe95da57880b4d25a59636f65e6fe3cf1cdddfa967ad1fc6462963fd5a68ebb96eea4d64dd9dd144a8903a8563de73a3449f55ecea737498b62be879c348d879dab33cb3494336b5c612d56ae6df02e858106323684a55762d6d7637b26c88f1c398270d931495094f46f259df999306b395bde59e979ab031d812d3b551a0358c6629a296c6cc18aadba1ab69f3c65118f169212579bba9ae8ed0935658ebc6b955dc8aa434784b5a3f9acec1b5556b835ee3dc7f6075265968e98bce1fb36cfa951db582a7164b32a9c9072ee11d80fea20fe224d92e832752ae97497729363bc73f52fa0c59d61a7f5076dd7a905d5b1d8fc032ac7f6fa4e990d6db354adf8466f5690a016668778d0746dc3b1ac1cdb6b4f396b91e9f683c63181c9024641f11a0272689112a240869cc8e0b21b0f324819bbb4547178e179244efd651cba74ce6f78f0c93117282f1404d49169350d22dddb5707492fbecd749402014c022174ed5f4ea662d935c359d1a7d1ad67997502c37dbb4caaa113fd2aad55adb89a999021bf29b2c655162d142a44011155650842ff003988250ab7788cd5a0f22e3aef9f37bd530d708796effe8895bc57e0a9ad14b65dd8636d3401c5307cf3328c349bd9ab15b252f570558c3b4fe6fd4546f1e040f7f828505dd9178e5f18fad5e6d77af1883c87dd249b9c939bd13c72f7c4d59720e90a7bdae2f3cf2d75bc2b567ad2bdb450e7bdc8e1251adde02e55a22e92a0e643e6dbe6607dde516d79bf8e2f057ac54328a72b8b44c7606c39db1ecb1b58df592629f7edc7f169c6ad21609195927534a5691b44f3a7b228bd381d93272644c29943dc324fedcee5e53967c4b725d7e459832b3ea7453f435b9327dc27ce4b74331bcd73f251394829c832cddcc13470430099270dd42fd3ea1e81e87a03d078fb8c2444f42ccc4cfc6a73101370cf21ac114e9401692908edb3c4a4e24ed3e44078128c9751150861f612183dbd87ebe82989e00ed529e3b7c99f910f0bda2b89369580bd4d6e7cdffab3b2012461dac6d50c734318c9048bc9db9e24b57650eaa6efe60359703f69cb8318e804c0e8ef1cbdd129dcbbaec18af33f1f6b172d5749af5bb20eefec9d2ae9ad37e46cd0b40ad5664711cdb909dc5d863dc58eb77167619a889c68b118394ac0999c3469f6be298303e73e38c2393b07b2f13751740d7379d57c84685d2176d289788ba566c7e81d435ba2a4f3726f9a6230ae2319b0a9d3a814f23d3b78b079fa5a4651403b42aed9030406f051b05d78df4fe97f06dd193320e749e50b2d9f48e4e9d995dbaa7d5792eed22cec7152917280891198520642ce128b03721d44137f20d05ba2315f8c508b3b29de619d29b258af921338ad99defbb558ead63b7ec1a07145caba8bdeaeeabd3338d5f0edef44e78d2b8a772a5e8f9f75712bd2b073b636c58d0557fce06ef93324d0224dea77099db5b29f5340e74b2ad676ed24ad90b68a6fedc9e83d16d96329dc48ddec0faf7856733160f826c134d607c6cf6c2f58366ae5e08bff00b8e1bb60cc59d735ed967b40d8302e4dd64afe45ca435cb25539ce170b008c9a2c242c7c9b6b6e61cbbe192aef5046ab32bba5548dd55e47999cc4b2c43ca0a28b6384becf3c45f61dca5cf6eb944e5197da7f5f62f58e93a55edfdff68611a92f1b26dde433cc229f58e8a5dcd4219ebb6511f6fa7a55f90d1e83c170d947aab26e12d96f0e1b44ac5c80cdf5d526c73ef5d4991849da72bec5b67e8846a268783615895b97934b1dcd945c3c7b24d32374e48ce1c1d2059750ab9ff20e0a27a4f9df5bb3c5ebfc3dd0fd450f4b8387e8dcd4f0d0bab4de89078e68951466f36d6f3680e70ea3e869edf35ce03e9eb8d5ea2fc191e4ecf73a4de5dccca404109d5accab3850ca6d3c785fe2ea524bc8f391a2f264284de199395f2dfdbf35595accbb7aec7c69ad73fd38d317b07c9945c3ba7056b22de8ec5eb741745e26e1c2cba690878fe43e72d66c8fb3de3ee50e9ca838c3de4d74769173ff000d6d1b4060d08d5fe9558b7ab24b6f38dcd73cf4f791c9ecc3fab0d52574199ba5033b70f4cc6018b072fa12741b035443c3b6c8c6bd0ece13ada8702ed18f40ef6c90b9bf68d41b48b42c528c1d337d3351f27d59ba49ae29be151176e270ee0841172ddc11f10cecc1132f3e24fb42a532f2d74c8cc7340b3a73e4596d4b2fbcbfcef5c731ca26f9e39713711d0f4e98e83960b8b43271930c5bf544615527c5faae5e2cd08d170861a7f3d6b946957567e8fe58d5965a05173293161bb73e56f5a8a655cae329488793ae6d1ad729799dadc3a4fab2c8af8a84b6ad1ec0cde20a700855d53345831552a670babddac56735ef9ce8ead18f2434d84ad50bf6f2f34e934db1aed982b5e928ad5778cb6972aed9250e8327eacb219cc1a4b3b06ca342814a5290268e1ec96de3a47289fa2bbb0eab786bbee253f7398afecb75ecab3dd23a1baa398f53d4764db7a1e9f84677c878c52f26a4720ad0557ae55a51eab6a13185b17f245332c19f7cedeaf7aebad3b99bc2273fccc9257eea49687d37ac2d35c5dbb7431de45a1b97d3131233d605d9aa935567a6ab61205405afdc7e9579261f691712a9a660f9e503af709e2b373973362a5e22d42bbc4d1d9a6c17ce11dc74eb2e51b22f5bced9c5cb734c873ad8592cd69374d6e973106bbb6b4e7ecad13f36b4a317a11a53fc1e9431d739607c51e497a2ebd78afe65aae4fd638b76ca3de1d9340eccc3d4adf5b44a3354f7d5dc7b1ea068d15448fac23cf49dceb313f80655f38785675d5082a9d472a2c50c0be7fec933e42bc9278eff000cd449055dd5c6f317b8f4f271cb3440cd9848359d27cd633b55bc8c2c852f058eb3be45a9a4523fd9b2b3fb89a874992c40ba4d46022eaf5f87af40b02c557e16318c54144a60991089888e68dd946c6344514d345ab464cdb9134d24c4c4214bec0221e83d37a03d06caa8a4a7b1d44c873143d8bf3281c03ea03f429bdca03feffb7bfa0a807ee51c1efbccba6f27f9bfe6a85415d538fafb4fad6ef185622b32b964af272419561f58124103fb316eeadb2752927c63117462ed6894aa14add214c2c439b75750f75e2689ecbc1aab60db6a177c2a4b51a3e735d243c9deb41791d06fa6cf97b36b2ce108d3e949da127706668e16224acd2664d4543dca628575bbaf4bea78fcfaa1e417cb4680e38cf0dc3350ac695c8be3bb946d0c66ba12f9d0ed616d239db0d7ba5e46b52cd584efe9cea4d2948faea4da258c228e81c26710222f0248791ce63d63b879d7987c977202357cc3c9d719d4e8dd014ba7d66ff49d2109d676fa943eb178e60b4daab8f59b4be433faf4dbb715f3383b2672b1ef1c2464fec4e2ae1b0334f199e43f13f263ce35bdab3f523e1eee8b76f58dd321907524367ca3544d9479ac34eb522eda345538f5249632f0b2074be52d1e56dee28ba4dc3644199a4d1003fcd44d5053dd50289d65855fb473220513ac2703a873fe310e0261114c7f94043dbd06f8464788a2706a97cd01319154004154ce738a87395501fb80a18c737b9bdfe43f2307bfb18dee1be768d54039546e8a85500a5508a2653914022a6589f70860129c4ab1cc7011011f9088ff0011f41f3f1914fed98851299127db4c41453dc09fdd8094dfcffcfee09143f9bdc7d83d0442e89e36c8ba34a77f60653957bcb6a6b9a3b6d1a8332c2b76f77487efd4917d42b62b291767ace9b9d3b90133856b36e849eadace143a876863a8a89815930f04793b5b304eafa8d2d8aa455c3d45489e08f1aec2eca2ca45366ab388c9379cb964cc62241cb580669389185a644c92c56a513adee50f8836ee7de4dca39ce32790a934b2592db6f245b7bcea5a55a66f43d56eccabe9c937ac43d82fd645979856af546932f12878467f87050c9be749b064d9370b154093c66e9a807fba5f98280207218c614cc02529440c9fbfdb10314bf11fa7d4a2203f411f70da3c7b350c531910f914a890a603a853015ba865512fc8a701f64d637cc3ff00ce006fe200201b278e6c0729d340a5f8098c4f8fcc0a998e7150ff0068a03f148a75400e205000150a530ff31404002b1209c04e51fb601efec0aae531ce6138a9f73e272fde22bf20f981fdc0e205f97bfc4bec0b43ca1f90fc5fc67739d836dd1db0d9ae92aabaafe179522f567961d6b5759a3e5a2ab75a6e574b49c5211c5767772d24dd1ffa3a37e42882ae8cdd93a058de38398b5be33c6776ee6eb73512ede5dfc83a966b147502f165a9565c495d19d0ad9a460fc69455ccf9bbd64e99c7e7a92d2918d5d99b336b1646689566f0682a505004eb0bb49f3e5eec3de3c03d45e41d39ece16d13a96ffdbd118571dc973646cc57e014df73cf1f27b4d65b6cba055a8575bb91c4496a4f9824c107d049b733370e9bb8721669c9f13e42f0f5c9bd19d1b2570d9656aca11deddb66b1d0b7f7faa7425d19414624c33ecf246c16562da7d618007cd606b504630386ce650c8ac655f3870baa0a1ff6d46097de99d23aa3cdc74e41228ec5d8d7cb95731545ea2e16356b23899b68ca554a8bb747f916be9ab5667548e74042a8487ad02281888397257016fe665395020289826a894a758000000cba842a8b9fe8001f558e60ff0047a0e57a03d0021eff0041f4186371c8281bae657ec7b54adc55af35d329961a5dd6bf362a0c64b57e6db7e24bb259432a09c72831caaaaa2e8843aed9c249b94c4aab64bdc299be22b56bc7864f231a87856ebe9f557c2761ba296de1ed42e69356b5b7ee2f6aa8da21b345de26768a466e0c90463dcb069f618c3dfa2dcb44d044f30b2eb0370efef19ccf59eae53b73a63c8b6a5cfdcd755c7aab95052eb8ee839c17345ef0fa42a1a4a54edf2e662bac5a3f6f79335d8893948b453b2491dd2f10ac9b58d563dba0104e93bae3bc35d7146e1ef14dca764a16e3886d53153ed2e75595a0c8659a1728ff004f57ddc6760ee5d7af642c0bd2a629703604e4ab683e9d3bc652f25350b275f55c3a62a887bfeaae77d231ddec7cd2f83a7f42e916d7594630bda1cab945c29b7eccbacea90ae4b173165cbe673b9098821df6b6e5d28e9da482cf659c4b908eda22baa5948e9e076fe3bbc9373b7926c749aee0f36e937b16e8d5bd2b2bb399b46ea58fded8a84465eb37ea7a6bbd5987c9458a66120cdcc845c8a7efecba6b1160f40c55353dbe82729c7dc404481f12898bfc86002898e62081ca21ec2223ee1fc7d07280407f87a0043dfe83e8347db27d3f9407e26f917dc3e5f137b7b7c8befefec3edfda1e8340a088fdcf74ca1f744454f6fe5f918482909ff0097dbd9414c7e226ff5bdbd83dfe81e8359532904443dff0098c261f7318c0023fc7e206110297fde0f60f7f41afd01e838ab18ff0032a64398a6387ba6042947dc4bf3f9fde31c872952f6f8ff000f630fd7dbd02f0f227e48f9bfc6fe3caeb3bc58a55d48cb91481cd726a711a39d4f5fbb3e3fc216af41ad3c78dd678baab3750abbd553060d08a14cb2a061488a028be07e20e98ed3e9984f29fe5820c69776844e5a0b84f885cfe96e2bfce94b7ea4db84ee3a4c5484724ad9360b0b74ccf904df02722d1c3432cf9ba4a34898d810e6f906d3f37bcec925c6fe6239de069fca9b46aeacdf8fbef4ca5fddbf46cfaf468c68c606bba65ac2350b3f3bf41c4cb91d3c6af1311af4eb55ccc9e9019b170edd8656e07e7b95e9c808195ed5b272f7942c8f967589d65c2bddaf926566d55f9ea5a22f51d01868159067fd20eae549b6e5710d95b8c7493c6f623101d2dfa9100241e0290f2fdb6e93e687c85e49e15b902d334862d91df097bee3d52ac98ccd5612c1577c40b34549cbc734904889640d1274ddbb251f1193ed31f251c631de46327050b9de2f94d0311cd29193e57536347cff003aaac1d22a5598d44e8b38a80aeb24d9c73644a74d213282987cd654401670b98ea2e00b99529432da64f817e3f5ff0058c6fa984c3ee73098df53088ffac23fe6f41afd01e80f41c570dc8a94ff002037f3140a2253a84397d8e0a00a67218a648df3280fc8a203ee50ff00207b0240f377e256bde5079bdb43d624a3a8fd398db87973e6dd3dd91ea6fd95a0ab1652573c7b3ad5ea2ea3e1345598364424142b91aebb6e9482082df6d544e103fc2c793e83ef1caf47f163e49ab112cbb532e85b8637ad65ba5a0aa725d199d41c32d0f6870fa3ac4e5d3c99d32bf14d5cc75ada95c8bf7df32ceb603a2e1e1e3c305f91ac0b23f15fc8b72e2ac7734b552f93ba9b97baf5bea9d66d6034adaba1350eb85a36a2f79bb13b45aa815f916cd92d45ea2e20dfb7b195ac1cc57d051a367f0ee1351cb906ebe26b835df362177e8c908a5b115badb0ce3496b1f1d566971b4aac73bdeb2ec3622b3711911648b47d61d16cf63074ace4aba691b20758419b940c6680baa183bbb3c29c95bf746dddbe3636157873be6350156766219a99ce11bfbc9991fcd9688dca8b1b0529f6dd58945d44dd4d15370dd74524d0711ee8c093a6418eb9d7cfb33c774685e3bf301893df1fdd58ce2629b34d0ac0edcc9f296d8b9d55628b7acff4d8e09c6757a858a4639c836fbab49c3c7a88a8c14944d668a90a1639afdda02cb0b1564ae4d42d92b96168de4e02c95f956f335a9960e110391cc4cec6a6e239cb5580bf248e6500ab7cbf90c21f5f41ea99ae2e51fbc3f70a0737b948b13ed2c9944a51f8288fc4a648c03fd8226110101f7fafb0072fd01e80f41c078b2897bfda57e2602904c5fb4671f00318e04395ba44059c7dc387c4c00a17e21fcdfe5f70e86cd6f82a7414cd9ed5371358add699292765b1d95e3781af41c724926a387f253322a231cd993448e2a2aa1962a09000fdc593287b88570ba3ff00700a1aae98f390fc3ee2123e433a99509166faff000a84a47729e42f98bd6ec9b5bef57e45d4692cf5c60f95032a0848c4c42e20440930659ca0510c89c0de181e5376677dcfe4bb596ddb5dfd38a1e6222466a3639ee29cde723c6b30c63b0ca43860d23ff5f8f27db51ace9593023259554cc5a355d472e5e04e4f269c58f7ae79bdfb3ce2e572cafa6f19963ed1ca9aa53acf291f359df41d361a416a7ad30c18ae588b0d4ed712fd7afcdb37a8bc6a11324b1888994129c80acb8dacdd8fe63786e7716ec5cf7340c037cc4e1a0a53ac39f66e26ada047df6977f655ed7f01d179bb6680b7279d6a558b251e4e29ece427c63589d32ca4083455eb40681e57cc9f92faff008fdccf33f169e33296c24bb3f598da9e539166f9043b32bae74a0ceb252221dec6c44626d1bd7b4fb21041b57588a49959246733afd529114917213d3c1ef89685f187ccebb2babd6776eb1db5ec5dfba634e4d59178abcb519b964d9e79153324f5cbe9bab67f2926f7d9eadf0525659d3d7ea269fdf220883be4112a240214a05f6131be9fda63984e73187f89cea1cc263187dcc6308888fb8fa0dff407a03d01e80f41c755a365fd85641354403e202728184a1f229c04a23f5298a72008087d4a21ee1ede82b25e743c1e875c1a33b6387dfad88f913c7548ab456ad35294253836973535559185673d6168ab67315aa4091137e876139caa28529183d545a8a4ab20daf0d5e74ab9d8403c75daccdd73c7918a17f51572cd41b3c34a6624da24eb4456467e668912e8592301a3919b451ccdd584cd1dfc8a69063f90d575cb16165c4132b666d1ba20b110f813f0902fb104116682656ad10038332a4a38452f9fdb5840a43009443e21f40ad2f91bf2a5a2b7d425794398ed776e5ced8ca34da8df72fa274dd0f30abe29e4872c86936ef6d98e61daf5c539bafa331781501b57ca696807d28f4a8b46eb28aac65598364aac6725f956e5883b2ead84c069597684c271bcde65b1d4db0db733bc413d5eb57ecfed706e10fea4cc767cbedb1af2b7369b05509068fe35420aa26210a404dd60f011d1fc7b38eaf9e1b7c876b9cc492cbba945f98b7d935b65e6b78d9e3e72ecf0116ca5d9a8eabcc924164db362ca44d89c2bf6ce655e206301803be57c87f9f8e4d4538aeadf13b43eb2afb178d23d4d7b8174f5977cfdb9da8abf7d3c2669b5fb4c919a0651af5653e2c21d91dc0a09a64492f6fbe1c7ff00ee9be6aa38bc8ce8ee2cf215cdd658a322d65e1ef3cf483f2379a51149c9a19257fabe09e11c1507299c0cb2051fb6628893dfdfd0653ffee96f1529d7539856dfbe8ca9a2d39252a61cc9ac127d239ceb27fa5ace5cc534ab83f0147e42a96405b094e0006fa0fa0c585fdd35cdb7b561e339cb89bc8a7445867de38898987a373ec7945d59122367115594dcc65aae0e1cbc9a0398aafda68659044e43fda288818438cebc85fee02eb76c831e55f14146e41aa4d3d7cdbfc5def9d2d768ee3a31a95078c02631b8c5a837c85915d9c8a2703291b24d57505444c8a844ce021d3d6ff6fb743f5d59185dfcc8f904d63a95b367a94d25cd9853b471de698837de62f9285558b18d66a4a326cbb712fd98f86afa829953545d9d4516f707297543957c59725d9a7b32c720332cae82c12fe9eca30daab78db86b3a34fccb1afe7f9bd36159b871277ed5347b8cc31858649451fc83d7ef532818a54fedac0a73c6ff0094ed71f6a905c93d3b71d07af7b835cd2ecd7fd6b3fe60a350add84f8deccad2e956d5bc976ed56b2b40c1acef3232208d99407334e62265c16245caee51226fc2cb4bb945c3766b24554e574d8ab818a2a03d30b551a3966b9cecfee240d5baea00abfc8a94a27f87db1298e5f41594f2ede6828dc150eb70df8faa1c46a5ded7675fd2950cbb2fa825235dc2a6ee2f9dcea56bb64741c38d3e7b4e939b9974fe2e9ed5474ed674eff539106098a494a076fe107c22bae429397ed6ed79c26cfe42f71406d765b25a254b65718ca5686a8ab3f1500fdd20abf99d3a4c4ee1bcb58513b741241c28c63805a82cbbf0b34c6a68a28aa8a44227f69cae55132017fbb131bee22988900083f6da1d328007b810a005f7fe5f41d87a03d01e80f407a03d01e836564115ca055880a143ea003eff0041f70fa87b087b0fd3dbfcc221fc047d0212f311e0e70bf24b16cf4fa34bbbe76ed8a2318d91cafa2a8c67ecdd3e94abc915cd4a07588b8876c9d4dd66224df14d1d3cd4c9cf548c42b864b1daa4ac7b90521cb7e72fb37c61eab58e20f3b197dae1d8b1089ad517b7e1e1ddd8632d508dcc8942d96f918b2963f5ead260f114179e846ada7630a53126982f2c9c82eb83342f8db9bebe8cb66a556f2c7ab7427337414fd8b43aae69a0e45c87d6f8331a95be418497f42538757ce6e7055caed663627f4d6a46048676c5b8280819b3d59f1d506118af35dd38bb9fb598fc72123371d9dc46d9af94faf4d3eb2e6f5ad134783cfa02a74282b04cda342d6dcc2a074ebaca148fdcac3fa5d7da3564c5b271d0cc1a261ae3fb19c73cf1152ba8fc94219ff29d89a556a6aec55c82b0496915bceed168ba47d3a1235958aa8dac2e6cea3b5661a17eeb02b849b2875c41facd882f4819e773bb5bebb8adb6fb8bff0086f3ba7168d2d2b964669d6c5a8b9d4d5d4d14596868fb85cd449e3fad41cb032170b188dda38f8a2a9845350eafa0827cb7e4aadd765e1730ee0e57d438c36392764462ec3289bbd7b8df4d7b2ee7f12aed723ebba1b891c89296b1afee66b5e9c7d1d2e2a289356e454ebb72182722b7fb9a5d1a96664a966eae4e6c25ce85fd6e6d3220da8ab7135c59c0b5867b8a4457cf2d299b2318759656d04914da26f0c93506aa81947290423ea7f24962a33898cdb87397755edcd6da7f52c53992ad24e328e52cda6e293185f9ea1d557e25471c4df276332cd4d035c9097980598ae99ff0972807a09e5805f6e56bc2a99a06c2866758d18f4a64ef598fcc2dc4b5e7549b0c1b02b8b2c5414d94ae549588853b854c9029fc82881444c06302aa84765fb356e90e25b875578d18ea3f5c594f01780c3ab93732f72aaa6937fa4da1e5467193f9abd465616af8b1908475f8c0b2cd5176a19121dca0d174dea406e5cc974edbe77c8a3f698d85c47708c80aede6cf0f14361d1a0b34d36cb4798a5df61a0a5ab578c946cad58b3b44cc2fea01222590adb87ac5c24ac6cbc8357a0bd07c6f4c71fc3d435fb3f967d5f9b799b0bb1d7afb66ceb3bcc38f391f9ea42bb507320f8d47b57f8499ed6194a40ba8b90345ae69e527dc3d450226a9ddb92343a20b0ba9fce5f64f939d32d3c15e09f29b7ccab20f0d0da17734fc53dad41d1e19d95b3992b1d5dfcc23fa66395f7eddb3d68ca72c275e65ea43f8f06c46456662406ebe21bc18617e3562cda9dbdeb5de7b6ef6d24dee9fd0d636128bb98a1b6b360a5869399a33ce5caf190bf92458b23605506d63b33870e147c641a19ac4c783ef45ba499048544a8818085310861f898a990a993dfdbdbf826502ff00c42807f000000df2108994084281485fa14a50f6000f7f7f600fec0fafa0d5e80f407a03d01e80f407a03d06d2a4f97c47d8a2241f91044004486129882628887b94448710f70fafb08fa08cbd3bc95cf9d89974fe2fd219554f57ceeda2249582b3472eb2a8b9f640a94e41ce453b8ab454acf189a05fc0978a7ec9f31381453500000be82a5da6780df22fe36348b2748f83beb89b795172edccecef296b53318ed0b234702e0d210c9bfb48ff00865a7aabb3fb6926bccfe932dee1f49422c44d4f419130afdd264c82f0db03f2ddc77af71fec91628b07b7badd06cd60a31a5977464e5ed129419e72f34dafc537413fb897e90f2d44549fcc8fdc47ec1802c398676f78f9efaaf37618bef9cf3d0917368c6cd2d9f293f5197b5a472aec6c4c1499c6ee5fa4dd60dfb29016caa6a4a4220ecaec8909c9ee4f73079df25dc9d8ef57f33d9abbb0724b2ed1799d03ad3323e7d4f4e7993ab69d62260656bf55671f7b6f6ea096b89bf6f28e1a19daae05a83558dfdc89ca2260535e3f3c3ddbe0d5a9e89aaf37f29f08d3215a494741f34f3a3592dd3679ea3b974939794edefabb629bd3deba4651991441f34a5c7307aa2720a289cb7dd5944d106f24e5aaa13bedaf43abced0679b63c70db0537503dd6e6159d342b6d0decca58b9725fc75106864591919f52e2e04ee1315538e27f3a8b29e814977bf867b4ccb8b3dff001ec0396bbf2a1330c6426b993a91ac9e2fb845424082ff00a45479ebae71393cf9d324c5ab5418374aeec9f49fd96a651f4dbb72e5c9c01abf8d1e44c5792f966ab5dc8f944bc6e6d23f1355d570973a5cc6c4ea9fa5cbc046414db25eff006fb35c5bcdb565190eddba466cecad0a9a6009a64fafa0f5fb476cf8ff00e13a8b665acf42f3bf3ed719a0bba88a025395589b03f15a4241fbc5ea59a535196b258de2f28a3850e8c6c3ae759c89cc6113fbfa0ae9eddfba5cfb05bd7c2fc44f116c3d91ab385a4236bf76b3d2acac29493832a532d624b35ae356f757ac591c89aca96596aba8206319612263f35031de55e013c88f92abfd67a47ce6f565995ad9df38998ee46cd6c70eaad5d62ba2545ad715795d47fc27ca92302aaa6b36af84ac97db04d552585f98e2805b779a794f01e42cc20f16e6ccb6a791e6b5e48c5655ba8b372d3f21dac450ae26e7e49fb87960b0dae408b98cee564ddbd9374737c945cdfca0509268a29a0995248844d327bfc489900842fb889840a428014a1f211fa07a0dc0000f7f6f7fa8fbfd4c26ff00c9f211f60f41f7d01e80f407a03d01e80f407a03d01e8368e8a4a1448a100e41f6f721ff009883f11f907c883ee537b087bfd43fb3d06caad8a7508a0264f9267154a2201f45449f6854f6fe026fb6001eff00d81e830a6d3cd787747541e67bbce499bebd437892e4355347a6c0dc61db2ae9214177514d6718bc2c23c3a4001f7998a0b01800c06037d7d05773a2ff0069678d8d5e4de59f095760e3fb9fe389a35fe4d7f7765a9369834cbc9734e275dd309729f8b74617c288358899878e41041006edd150a750e1115b7820f3c1cb06784e2af33b336eae322bd4abf46daa6349818108e78a34622d1dc64c8ef7533ca27169944ae4d14264c1b81533a7f4010ed1dc4fef26c7e36ca8b443927a914909c3b766e11ffb34404f338e21888164617fe6dcbf08e582a299dc906487f5148ce4e05217d8a4207501b5fef3e031d42716f3403b5945553be5ac7c8673a08988c934a2daa29f5b8269b503a4b2e631fee2c651730194314a91481db163ff007926dac21e3a4a3b93795886977a326f8a9f30cebf55130a2dda2f306153a823ff004849a984c99a39a25265129c82201f6fe41d2ffe045e7a3a93f153edbf32f2b52ae49999a566a561962d364610635bc949a4bb1635bafa383d27ef2f12643fbf51a2aa7c7e04309fe1f10098bcdbfb4abc6664d264b26e86db7adad4e4870973ea7a6c95569cf5723d59c22f95aee5c1519c9558e025fb8de565a45aa8400050a71f97b8588312e72c639cea4c687886539e64b50884118f8d82cdeaf0b4e8e3c7344c0accb22d2bf1d1693f72d8c73fc1471f90a944c27fb9f239bd066a4d9a051038b7441529d450aa8264054a758a522aa02a00070515297d8c6f7f737f688fa0e41532104e6287b0a86f99bea61f737c4a5f70011102fd0a1f40f60f41afd01e80f407a03d01e80f407a03d01e80f407a03d01e80f407a03d01e80f407a03d01e80f407a03d01e80f407a03d01e80f41ffd9);
INSERT INTO `course_details` (`id`, `course_code`, `course_title`, `course_credit`, `course_type`, `department`, `institution_name`, `class`, `semester`, `division`, `batch`, `academic_year`, `image`) VALUES
(3, 'WE3146', 'Web Engineering', 2, 'PP', 'Information technology ', 'Sipna College Of Engineering And Technology', 'IT-WE05S', 'B.Tech-II', 'KE', 'W3', '2021-2022', '');

-- --------------------------------------------------------

--
-- Table structure for table `exam_type`
--

CREATE TABLE `exam_type` (
  `id` int(11) NOT NULL,
  `exam_names` varchar(50) DEFAULT NULL
) ENGINE=InnoDB DEFAULT CHARSET=latin1;

--
-- Dumping data for table `exam_type`
--

INSERT INTO `exam_type` (`id`, `exam_names`) VALUES
(1, 'Written Mode'),
(2, 'Practical Mode'),
(3, 'Oral Mode'),
(4, 'Integrated Mode'),
(5, 'External Mode');

-- --------------------------------------------------------

--
-- Table structure for table `questions_set`
--

CREATE TABLE `questions_set` (
  `id` int(11) NOT NULL,
  `test_id` int(9) NOT NULL,
  `question_type` varchar(20) DEFAULT 'Descriptive',
  `questions` varchar(300) DEFAULT NULL,
  `answer` varchar(300) DEFAULT NULL,
  `max_marks` int(5) DEFAULT NULL,
  `que_no` varchar(3) DEFAULT NULL,
  `difficulty_level` varchar(20) DEFAULT NULL,
  `section` char(1) DEFAULT NULL,
  `co_mapping` varchar(20) DEFAULT NULL
) ENGINE=InnoDB DEFAULT CHARSET=utf8mb4;

--
-- Dumping data for table `questions_set`
--

INSERT INTO `questions_set` (`id`, `test_id`, `question_type`, `questions`, `answer`, `max_marks`, `que_no`, `difficulty_level`, `section`, `co_mapping`) VALUES
(1, 1, 'Descriptive', 'a)&nbsp; &nbsp;Explain software engineering: a layered technology.\r\n', NULL, 6, 'Q1', 'Remember', 'A', 'CO1'),
(2, 1, 'Descriptive', 'b)&nbsp; &nbsp;What are customer&#39;s myths? Explain the realities of each myth.\r\n', NULL, 7, '', 'Remember', 'A', 'CO2'),
(3, 1, 'Descriptive', 'a)&nbsp; &nbsp;Explain in detail the prototyping model and also explain its advantage and disadvantages.\r\n', NULL, 7, 'Q2', 'Understand', 'A', 'CO3'),
(4, 1, 'Descriptive', 'b)&nbsp; &nbsp;Explain component base development? Give an example.\r\n', NULL, 6, '', 'Create', 'A', 'CO2'),
(5, 1, 'Descriptive', 'a)&nbsp; &nbsp;How do you measure software resources?\r\n', NULL, 6, 'Q3', 'Apply', 'B', 'CO4'),
(6, 1, 'Descriptive', 'b)&nbsp; &nbsp;Explain the different approaches to sizing problem?\r\n', NULL, 7, '', 'Remember', 'B', 'CO1'),
(7, 1, 'Descriptive', 'a)&nbsp; &nbsp;Explain RIS (Risk Information Sheet) with example.\r\n', NULL, 7, 'Q4', 'Remember', 'B', 'CO5'),
(8, 1, 'Descriptive', 'b)&nbsp; &nbsp;Differentiate between process indicators and project indicators.\r\n', NULL, 6, '', 'Apply', 'B', 'CO3'),
(9, 2, 'Descriptive', 'a)&nbsp; &nbsp;What is an attack on security? Explain different categories of attack.\r\n', NULL, 7, 'Q1', 'Remember', 'A', 'CO2'),
(11, 2, 'Descriptive', 'b)&nbsp; &nbsp;Explain the Diffie-Hellman key Exchange Algorithm in detail.\r\n', NULL, 6, '', 'Understand', 'A', 'CO4'),
(12, 2, 'Descriptive', 'a)&nbsp; &nbsp;What is Digital Signature. What are the properties Digital Signature should have?\r\n', NULL, 7, 'Q2', 'Create', 'A', 'CO1'),
(13, 2, 'Descriptive', 'b)&nbsp; &nbsp;Differentiate between Kerberos version 4 and version 5.\r\n', NULL, 5, '', 'Apply', 'A', 'CO3'),
(14, 2, 'Descriptive', 'a)&nbsp; &nbsp;Compare SMTP and MIME.\r\n', NULL, 7, 'Q3', 'Remember', 'B', 'CO2'),
(15, 2, 'Descriptive', 'b)&nbsp; &nbsp;Explain:&nbsp;\r\n\r\n\r\n	Worms\r\n	Logic Bomb\r\n	Trapdoors\r\n\r\n', NULL, 6, '', 'Remember', 'B', 'CO4'),
(16, 2, 'Descriptive', 'a)&nbsp; &nbsp;Explain firewall characteristics along with types of firewalls.\r\n', NULL, 6, 'Q4', 'Create', 'B', 'CO5'),
(17, 2, 'Descriptive', 'b)&nbsp; &nbsp;Explain DDOS Attacks in detail.\r\n', NULL, 7, '', 'Apply', 'B', 'CO1');

-- --------------------------------------------------------

--
-- Table structure for table `que_paper_list`
--

CREATE TABLE `que_paper_list` (
  `id` int(11) NOT NULL,
  `batch_id` int(9) DEFAULT NULL,
  `question_paper_name` varchar(50) NOT NULL DEFAULT 'NULL',
  `section_unit` int(4) DEFAULT NULL,
  `exam_type` char(100) DEFAULT NULL,
  `sub_exam` varchar(30) DEFAULT NULL,
  `exam_date` date DEFAULT NULL,
  `total_marks` int(10) DEFAULT NULL,
  `paper_time` time DEFAULT NULL,
  `description` varchar(300) DEFAULT NULL
) ENGINE=InnoDB DEFAULT CHARSET=utf8mb4;

--
-- Dumping data for table `que_paper_list`
--

INSERT INTO `que_paper_list` (`id`, `batch_id`, `question_paper_name`, `section_unit`, `exam_type`, `sub_exam`, `exam_date`, `total_marks`, `paper_time`, `description`) VALUES
(1, 1, 'Software Engineering ', 6, 'Final Exam', 'Final Unit', '2019-05-22', 80, '08:10:00', '<ol>\r\n	<li>Assume suitable data wherever necessary.</li>\r\n	<li>Illustrate your answer necessary with the help of neat sketches.</li>\r\n	<li>Use of pen Blue/Black ink/refill only for writing the answer book.&nbsp;</li>\r\n</ol>\r\n\r\n<p>&nbsp;</p>\r\n'),
(2, 2, 'Network Security ', 2, 'Final internal Exam', 'Final sem', '2021-06-24', 80, '15:00:00', '<ol>\r\n	<li>Assume suitable data wherever necessary.</li>\r\n	<li>Illustrate your answer necessary with the help of neat sketches.</li>\r\n	<li>Use of pen Blue/Black ink/refill only for writing the answer book.&nbsp;</li>\r\n</ol>\r\n'),
(4, 3, 'Web Engineering ', 2, 'Third Unit Test', 'Unit 3', '0000-00-00', 0, '00:00:00', '<ol>\r\n	<li>Assume suitable data wherever necessary.</li>\r\n	<li>Illustrate your answer necessary with the help of neat sketches.</li>\r\n	<li>Use of pen Blue/Black ink/refill only for writing the answer book.&nbsp;</li>\r\n</ol>\r\n');

-- --------------------------------------------------------

--
-- Table structure for table `student_data`
--

CREATE TABLE `student_data` (
  `roll_no` int(11) NOT NULL,
  `admission_no` int(11) NOT NULL,
  `name` varchar(40) NOT NULL,
  `course_details` varchar(100) DEFAULT NULL,
  `exm_name` varchar(50) DEFAULT NULL,
  `sub_exam` varchar(70) DEFAULT NULL
) ENGINE=InnoDB DEFAULT CHARSET=latin1;

--
-- Dumping data for table `student_data`
--

INSERT INTO `student_data` (`roll_no`, `admission_no`, `name`, `course_details`, `exm_name`, `sub_exam`) VALUES
(25640, 25641, 'Eddi Weston', '', '', ''),
(25641, 25642, 'Reed Heisler', '', '', ''),
(25642, 25643, 'Laurella Kerbey', '', '', ''),
(25643, 25642, 'Lindie Klees', '', '', ''),
(25644, 25643, 'Sada Deighan', '', '', '');

-- --------------------------------------------------------

--
-- Table structure for table `sub_exams`
--

CREATE TABLE `sub_exams` (
  `id` int(11) NOT NULL,
  `exam_id` int(11) NOT NULL,
  `sub_exam_types` varchar(70) DEFAULT NULL
) ENGINE=InnoDB DEFAULT CHARSET=latin1;

--
-- Dumping data for table `sub_exams`
--

INSERT INTO `sub_exams` (`id`, `exam_id`, `sub_exam_types`) VALUES
(1, 1, 'Exams'),
(2, 1, 'Class Test'),
(3, 1, 'Open Exam/Tests'),
(4, 1, 'Open Nate Exam/Test//CA'),
(5, 1, 'Self-Test/Online Test'),
(6, 1, 'Essay/Article Writing'),
(7, 1, 'Quizzer/ objective Test'),
(8, 1, 'Class Assignment'),
(9, 1, 'Home Assignment'),
(10, 1, 'Annotated Bibliographies'),
(11, 1, 'Reports'),
(12, 1, 'Dissertations'),
(13, 1, 'Book Review'),
(14, 1, 'Article Review'),
(15, 1, 'Journal Writing'),
(16, 1, 'Case Studies'),
(17, 1, 'End of the class quiz'),
(18, 3, 'Group discussion /fishbowl technique'),
(19, 3, 'Viva/Oral exam'),
(20, 3, 'Role play'),
(21, 3, 'Authentic Problem Solving'),
(22, 3, 'WSO (Watch Summarise Question)'),
(23, 3, 'One Question Quiz'),
(24, 3, 'Think-Pair-Share'),
(25, 3, 'Socratic Seminar'),
(26, 3, 'Rapid Fire Questions'),
(27, 3, 'KWL (Know - Want To Know - Learned)'),
(28, 4, 'Unit Test 1'),
(29, 4, 'Unit Test 2'),
(30, 4, 'Unit Test 3'),
(31, 4, 'Unit Test 4'),
(32, 4, 'Unit Test 5'),
(33, 4, 'Unit Test 6'),
(34, 4, 'Unit Test 7'),
(35, 4, 'Mid Internal Exam'),
(36, 4, 'Final Internal Exam'),
(37, 2, 'Internal Practical preliminary'),
(38, 2, 'Final Internal Practical '),
(39, 2, 'Internal Project Presentation'),
(40, 2, 'Final Internal Project Presentation'),
(41, 2, 'PPT Presentation'),
(42, 5, 'External Practical'),
(43, 5, 'External Project Presentation'),
(44, 5, 'Mid Semester Exam'),
(45, 5, 'Final Semester Exam'),
(46, 5, 'External Exam');

--
-- Indexes for dumped tables
--

--
-- Indexes for table `add_db`
--
ALTER TABLE `add_db`
  ADD PRIMARY KEY (`id`);

--
-- Indexes for table `course_details`
--
ALTER TABLE `course_details`
  ADD PRIMARY KEY (`id`);

--
-- Indexes for table `exam_type`
--
ALTER TABLE `exam_type`
  ADD PRIMARY KEY (`id`);

--
-- Indexes for table `questions_set`
--
ALTER TABLE `questions_set`
  ADD PRIMARY KEY (`id`),
  ADD KEY `test_id` (`test_id`);

--
-- Indexes for table `que_paper_list`
--
ALTER TABLE `que_paper_list`
  ADD PRIMARY KEY (`id`),
  ADD KEY `batch_id` (`batch_id`);

--
-- Indexes for table `student_data`
--
ALTER TABLE `student_data`
  ADD PRIMARY KEY (`roll_no`);

--
-- Indexes for table `sub_exams`
--
ALTER TABLE `sub_exams`
  ADD PRIMARY KEY (`id`),
  ADD KEY `exam_id` (`exam_id`);

--
-- AUTO_INCREMENT for dumped tables
--

--
-- AUTO_INCREMENT for table `add_db`
--
ALTER TABLE `add_db`
  MODIFY `id` int(11) NOT NULL AUTO_INCREMENT, AUTO_INCREMENT=32;

--
-- AUTO_INCREMENT for table `course_details`
--
ALTER TABLE `course_details`
  MODIFY `id` int(11) NOT NULL AUTO_INCREMENT, AUTO_INCREMENT=4;

--
-- AUTO_INCREMENT for table `exam_type`
--
ALTER TABLE `exam_type`
  MODIFY `id` int(11) NOT NULL AUTO_INCREMENT, AUTO_INCREMENT=6;

--
-- AUTO_INCREMENT for table `questions_set`
--
ALTER TABLE `questions_set`
  MODIFY `id` int(11) NOT NULL AUTO_INCREMENT, AUTO_INCREMENT=20;

--
-- AUTO_INCREMENT for table `que_paper_list`
--
ALTER TABLE `que_paper_list`
  MODIFY `id` int(11) NOT NULL AUTO_INCREMENT, AUTO_INCREMENT=5;

--
-- AUTO_INCREMENT for table `student_data`
--
ALTER TABLE `student_data`
  MODIFY `roll_no` int(11) NOT NULL AUTO_INCREMENT, AUTO_INCREMENT=25645;

--
-- AUTO_INCREMENT for table `sub_exams`
--
ALTER TABLE `sub_exams`
  MODIFY `id` int(11) NOT NULL AUTO_INCREMENT, AUTO_INCREMENT=47;

--
-- Constraints for dumped tables
--

--
-- Constraints for table `questions_set`
--
ALTER TABLE `questions_set`
  ADD CONSTRAINT `questions_set_ibfk_1` FOREIGN KEY (`test_id`) REFERENCES `que_paper_list` (`id`) ON DELETE CASCADE ON UPDATE CASCADE;

--
-- Constraints for table `que_paper_list`
--
ALTER TABLE `que_paper_list`
  ADD CONSTRAINT `que_paper_list_ibfk_1` FOREIGN KEY (`batch_id`) REFERENCES `course_details` (`id`);

--
-- Constraints for table `sub_exams`
--
ALTER TABLE `sub_exams`
  ADD CONSTRAINT `sub_exams_ibfk_1` FOREIGN KEY (`exam_id`) REFERENCES `exam_type` (`id`);
COMMIT;

/*!40101 SET CHARACTER_SET_CLIENT=@OLD_CHARACTER_SET_CLIENT */;
/*!40101 SET CHARACTER_SET_RESULTS=@OLD_CHARACTER_SET_RESULTS */;
/*!40101 SET COLLATION_CONNECTION=@OLD_COLLATION_CONNECTION */;
